wl,W1.2.W.N,W11.2.W.N,W13.2.WY.N,W15.2.W.N,W25.2.W.N
300.031616,88.020929,88.36621333,23.52272333,27.723421,88.68175533
300.402832,88.53924333,88.639384,23.42770333,27.65695567,89.09463767
300.773987,88.99211767,88.93741867,23.35004767,27.488259,89.17787667
301.145111,89.6003,89.07829933,23.215593,27.25762733,89.39048
301.516174,89.93409867,89.34902967,23.064351,27.05012,89.381587
301.887207,90.44744633,89.585134,22.943555,26.932123,89.43588267
302.258301,90.919557,89.94178533,22.78699733,26.82130367,89.251643
302.629303,91.094461,90.10228233,22.63015,26.60821967,89.31540433
303.000305,91.44919333,90.35287733,22.476529,26.33035067,89.36418667
303.371216,91.552775,90.39136767,22.32844867,26.07567467,89.36361967
303.742126,91.62696233,90.33526367,22.17123,25.89784933,89.19396967
304.113037,91.804986,90.38569867,21.99358867,25.73272833,88.828672
304.483856,91.83939,90.39261367,21.82244733,25.47875667,88.423368
304.854736,91.741179,90.321416,21.53502,25.22789633,88.04265067
305.225525,91.71971267,90.216555,21.27072267,25.079293,87.573972
305.596283,91.62602867,90.28935267,21.00580567,24.836911,86.92875433
305.967041,91.48595933,90.052691,20.77994167,24.645636,86.449478
306.337769,91.18172067,90.097506,20.504473,24.353917,85.83555867
306.708405,91.14428967,89.897354,20.265096,24.12686433,85.314059
307.079071,90.99659467,89.574659,20.086252,23.78863133,84.82165767
307.449677,90.862535,89.43773133,19.72025233,23.52592267,84.28194933
307.820313,90.46141667,89.26061733,19.46881633,23.17424733,83.72983567
308.190857,90.15533967,89.00487033,19.31797067,22.858405,83.174891
308.561401,89.89606467,88.66585133,19.05518267,22.56501233,82.872897
308.931915,89.649578,88.49868267,18.92258233,22.31572467,82.453346
309.302399,89.638532,88.183051,18.67288533,22.084644,82.13750967
309.672821,89.26631167,88.02312367,18.461763,21.858099,81.72051233
310.043243,88.919342,87.72344067,18.394443,21.59495667,81.38018033
310.413635,88.76624533,87.25831233,18.23842,21.37208167,80.87212367
310.784027,88.456431,86.840369,17.958993,21.245082,80.40835333
311.154327,88.20343767,86.50539133,17.77405267,21.08899067,79.830607
311.524628,87.90219767,86.122294,17.59337367,20.99291967,79.30355067
311.894928,87.53748467,85.895682,17.468012,20.74465333,78.983322
312.265167,87.249723,85.72726933,17.27721867,20.600015,78.63118233
312.635345,87.054372,85.54968,17.21835733,20.396217,78.33838933
313.005524,86.82307033,85.384556,17.13167067,20.19460867,78.050423
313.375671,86.558206,85.15554667,17.033161,20.00085033,77.77652233
313.745819,86.49267567,85.019253,16.94874367,19.89796133,77.36313867
314.115906,86.363279,84.767409,16.84855067,19.817223,77.073812
314.485962,86.140555,84.62591267,16.74936733,19.76629333,76.846082
314.855988,85.849602,84.380323,16.62632033,19.77875767,76.50722233
315.225983,85.65549333,84.09020367,16.62805,19.78082833,76.26263433
315.595947,85.391097,83.737859,16.577566,19.667585,76.01124567
315.965912,85.15084067,83.66638833,16.45992133,19.525511,75.55970767
316.335815,84.71997067,83.58067233,16.445131,19.443856,75.05350467
316.705688,84.22553133,83.371427,16.416426,19.44167533,74.56766767
317.075562,83.76868667,83.12948733,16.44649933,19.31653333,74.298635
317.445374,83.617372,82.992429,16.339887,19.17231233,74.17468767
317.815216,83.41959767,82.80485267,16.29317767,19.11509867,74.001495
318.184967,83.20742267,82.848331,16.26899133,19.101968,73.81858333
318.554688,83.04472633,82.697765,16.38268733,19.08541133,73.548106
318.924377,82.75904067,82.571941,16.46365333,19.098412,73.307406
319.294037,82.47190867,82.459675,16.44634233,19.057377,73.06860867
319.663696,82.09410367,82.23333867,16.40169733,19.21577167,72.81761933
320.033295,81.81424733,81.857521,16.52848433,19.26768567,72.70221967
320.402924,81.473536,81.414285,16.46854933,19.275122,72.36677267
320.772461,81.04934967,81.104257,16.45636967,19.27193667,71.93362933
321.141968,80.59065267,80.74650233,16.45902033,19.37773833,71.591433
321.511475,80.21375133,80.41312133,16.47710133,19.381434,71.42516833
321.88092,79.69747033,79.92751433,16.49869967,19.38285033,71.082001
322.250366,79.34963633,79.584174,16.53791567,19.31346467,70.91489667
322.619751,79.06364533,79.339419,16.51503933,19.297393,70.84021267
322.989136,78.56691733,79.25385167,16.445246,19.279419,70.74019367
323.35849,78.292165,78.94090533,16.486852,19.418711,70.45555633
323.727814,77.82870633,78.44493633,16.5766,19.60527133,70.44764233
324.097107,77.700198,78.20224,16.62104667,19.693036,70.447164
324.466339,77.553238,78.01828133,16.68084133,19.74113133,70.50367733
324.835541,77.43380367,77.85127267,16.72058833,19.915413,70.354739
325.204712,77.24454633,77.52558,16.81259033,20.01761767,70.09573367
325.573914,77.00049333,77.45213967,16.86480267,20.14462467,70.08560667
325.943024,76.70227767,77.14678067,16.93224,20.21829567,69.92370333
326.312164,76.40098567,76.945352,16.91450767,20.29191133,69.98991133
326.681244,76.06287533,76.64774433,16.857884,20.329295,70.19142667
327.050262,75.852805,76.409743,16.99357933,20.41627167,70.12438467
327.41925,75.72993333,76.25623433,17.00891133,20.485939,70.12613167
327.788239,75.44217933,76.119175,17.01041,20.57324333,70.14976
328.157166,75.22621533,76.09103367,17.13036067,20.73132933,70.12050367
328.526123,74.994325,75.95133467,17.19688033,20.95936833,70.303558
328.894989,74.75417067,75.77091833,17.302588,21.059397,70.49781033
329.263885,74.463506,75.58095667,17.43084867,21.13694933,70.57238767
329.63269,74.38956333,75.45966833,17.54248133,21.19850933,70.662969
330.001495,74.21775533,75.37584567,17.63418367,21.31819867,70.65366867
330.37027,74.003306,75.187182,17.78295267,21.44533667,70.68622867
330.738983,73.81137067,74.879088,17.96580567,21.620591,70.62857567
331.107697,73.62393067,74.87706867,18.026798,21.60293333,70.89785767
331.476379,73.455681,74.738014,18.15651,21.57063267,70.94084933
331.845032,73.241165,74.45857733,18.22036133,21.65819733,70.85739667
332.213654,73.06996,74.24353567,18.26095633,21.783406,70.85360733
332.582245,72.73995967,74.01752967,18.33509533,21.84276367,70.85896533
332.950806,72.456164,73.74680967,18.50833333,21.97276233,70.95323467
333.319305,72.31600833,73.63238533,18.502958,22.08239633,70.94892633
333.687775,72.21550733,73.686142,18.52712667,22.17689133,71.07256333
334.056244,72.02940733,73.504228,18.58595333,22.18125933,71.017703
334.424683,71.89175167,73.23295233,18.68941933,22.27785167,70.86356867
334.793091,71.786013,73.165259,18.69699233,22.23754533,70.87928
335.161499,71.61161667,72.99154667,18.73940667,22.30591233,70.75834667
335.529785,71.36103433,72.90624867,18.651114,22.36409133,70.637253
335.898132,71.19443133,72.733473,18.71451233,22.39799933,70.71041867
336.266388,71.078676,72.74274333,18.73897333,22.337678,70.71158833
336.634613,71.057878,72.658839,18.83337267,22.37375933,70.71969333
337.002838,70.98491533,72.497251,18.800913,22.47842133,70.63314833
337.371033,70.929844,72.43595367,18.793129,22.51758233,70.68711833
337.739197,70.71451067,72.17524567,18.76604467,22.53816833,70.666987
338.10733,70.533029,72.086366,18.83833367,22.44371567,70.662552
338.475433,70.376747,71.947037,18.857009,22.461237,70.584831
338.843475,70.10567333,71.85677833,18.92813333,22.51260633,70.47242233
339.211517,69.90933867,71.98228433,18.858755,22.55191167,70.483434
339.579498,69.761693,72.03680033,18.89073833,22.58195267,70.306272
339.947449,69.53418867,72.03216933,18.82538267,22.53010833,70.05213933
340.31543,69.37105433,71.93709567,18.76127833,22.582609,70.072975
340.683289,69.181783,71.67649367,18.654431,22.589027,69.99262767
341.051208,68.94643667,71.53307733,18.68803933,22.53217333,69.92658233
341.419067,68.710532,71.35989133,18.610964,22.46423667,69.739441
341.786865,68.64037967,71.30738067,18.53545267,22.50107067,69.59467033
342.154663,68.522527,71.283236,18.54489633,22.49726167,69.63672133
342.522369,68.27369167,71.15642933,18.522625,22.52166967,69.61865967
342.890076,68.064056,70.962606,18.52237467,22.42217933,69.592725
343.257813,68.00525567,70.807255,18.56317767,22.37239967,69.58830767
343.625458,67.80626567,70.72292967,18.467527,22.42457467,69.458491
343.993134,67.713637,70.46571833,18.46329633,22.51667733,69.32677233
344.360718,67.634023,70.47064833,18.40567533,22.48400233,69.30111667
344.728271,67.471555,70.456248,18.39386733,22.417806,69.15858967
345.095795,67.237835,70.383199,18.402028,22.383081,69.00979633
345.463287,67.17012033,70.49051667,18.41454433,22.37843767,68.882665
345.83075,67.10489933,70.44438167,18.41815733,22.38641033,68.65924567
346.198212,67.019994,70.35426467,18.40297967,22.33031133,68.495664
346.565613,66.96463267,70.19729633,18.33398,22.318997,68.31487533
346.933014,66.913897,69.961183,18.22770067,22.31604267,68.36554467
347.300354,66.87095133,69.82175567,18.25578467,22.30460433,68.56607567
347.667694,66.80817167,69.78004567,18.17194367,22.40471233,68.699674
348.034973,66.742681,69.63628133,18.15403567,22.36153033,68.627604
348.402222,66.74520967,69.826098,18.176484,22.26709167,68.49119067
348.769409,66.774357,69.60862367,18.12653333,22.255285,68.38966633
349.136627,66.76273067,69.48917267,18.12475133,22.28620567,68.35762067
349.503784,66.58304967,69.44217567,18.17045567,22.317792,68.39976767
349.870911,66.50733567,69.420227,18.08512467,22.35785167,68.24380733
350.238007,66.407263,69.33121867,18.04503233,22.35915133,68.27751933
350.605072,66.36469933,69.339611,17.96054267,22.347699,68.27745833
350.972107,66.26052067,69.309273,17.93296433,22.420279,68.33164967
351.339111,66.18851467,69.21595033,17.95005567,22.37258633,68.414688
351.706085,65.93644333,69.28088233,17.95546433,22.32143967,68.39788833
352.073029,65.83269367,69.08506533,17.881024,22.31123233,68.17322067
352.439972,65.669806,69.072229,17.86345567,22.29385067,68.21844233
352.806824,65.543228,68.85144,17.86047933,22.32859233,68.23506433
353.173676,65.42508567,68.613332,17.90385167,22.31107767,68.13975767
353.540466,65.27558633,68.643191,17.81261967,22.34255167,68.04798133
353.907257,65.09029633,68.606247,17.71961667,22.35025733,68.100123
354.273987,64.88630033,68.43696733,17.78958567,22.40417033,68.043747
354.640747,64.812533,68.30763367,17.84619267,22.46113467,67.80035133
355.007446,64.64246867,68.195194,17.80968867,22.490939,67.82165533
355.374115,64.50581867,68.03119267,17.90562367,22.42058633,67.78096767
355.740723,64.46382767,68.02321267,17.94190567,22.462377,67.689537
356.1073,64.42794533,67.885746,17.95472033,22.46867233,67.778427
356.473846,64.23944367,67.94157167,17.99037733,22.46062867,67.80724833
356.840393,64.09963767,67.82721867,18.007498,22.47030833,67.847318
357.206879,63.875904,67.73414367,17.99332333,22.47030833,67.91765833
357.573364,63.764979,67.530098,18.05591233,22.42325033,67.93843833
357.939789,63.586534,67.47612733,18.13254867,22.46951533,67.946505
358.306213,63.45406733,67.31238433,18.21617067,22.53206333,68.03073367
358.672577,63.37032333,67.17258467,18.302873,22.56222533,67.87133
359.03891,63.242424,67.07119267,18.38533267,22.64568333,67.86268867
359.405212,63.21283967,66.960124,18.421617,22.72631333,67.95225
359.771484,63.07252133,66.86575867,18.49400433,22.78161,68.03435233
360.137695,62.98542267,66.72688,18.54282133,22.91972333,68.09653733
360.503937,62.87258667,66.68713633,18.59197033,22.98402033,68.17669433
360.870148,62.852371,66.58763367,18.634458,23.08210367,68.30254867
361.236298,62.782693,66.46211233,18.722288,23.198201,68.434606
361.602417,62.689762,66.383545,18.84986333,23.312757,68.52204367
361.968475,62.65595633,66.413644,18.857071,23.48678133,68.67659
362.334503,62.588872,66.32003533,18.88336767,23.620833,68.77847533
362.700562,62.493612,66.24540067,18.920011,23.72974667,68.732419
363.066528,62.47093967,66.13461933,18.99621667,23.853206,68.733589
363.432526,62.39750167,66.005047,19.060249,23.942544,68.91100567
363.798431,62.28323233,65.92878333,19.08994467,24.156594,68.894854
364.164337,62.16579567,65.75222667,19.17487467,24.28569167,68.99544267
364.530182,62.02565733,65.69846733,19.267931,24.489907,69.10959133
364.895996,62.02616267,65.60563033,19.397579,24.623158,69.091283
365.26181,61.91875433,65.70124267,19.537252,24.83600767,69.17536167
365.627563,61.868482,65.53581867,19.66857133,25.04692533,69.31843567
365.993286,61.82351167,65.49456167,19.81965467,25.24010033,69.2733
366.359009,61.75935867,65.41167333,19.890544,25.502009,69.498319
366.72467,61.732516,65.37168633,19.96033267,25.66829433,69.61094667
367.090302,61.658609,65.245393,20.07236167,25.85756933,69.695099
367.455902,61.530964,65.298466,20.19815367,26.09106833,69.88493833
367.821503,61.497243,65.22873333,20.32688733,26.147646,70.00589
368.187012,61.44402033,65.15196067,20.45628033,26.36049367,70.022471
368.552521,61.249373,65.15566767,20.58778333,26.58099867,69.98712667
368.917999,61.176182,64.963479,20.69833233,26.803899,70.12301367
369.283447,61.16213,64.98598733,20.776177,26.93619167,70.14279433
369.648865,61.19673433,64.908133,20.91950867,26.98602833,70.12729133
370.014282,61.07007967,64.97676067,21.04915633,27.073,70.18384333
370.379608,61.007904,64.899685,21.205522,27.24682733,70.16127533
370.744904,60.922193,64.95062767,21.32287833,27.43096267,70.211273
371.110168,60.79259367,64.96613567,21.47613833,27.529577,70.24668367
371.475403,60.712096,64.85586533,21.663893,27.68189067,70.39980333
371.840637,60.69123833,64.950293,21.71594467,27.890895,70.34228
372.205841,60.59943867,64.931839,21.894438,28.00001567,70.30549867
372.570984,60.56291167,64.76592,21.96766533,28.22298967,70.34884133
372.936127,60.441596,64.597098,22.02602267,28.36039533,70.375567
373.301208,60.38999333,64.6188,22.08499867,28.48573033,70.336067
373.66626,60.160248,64.66204833,22.16784167,28.65336933,70.41004967
374.03125,60.04702267,64.668756,22.33522033,28.60639367,70.54051467
374.39624,59.95208633,64.58797333,22.46566433,28.77101267,70.55540233
374.7612,59.743711,64.51818333,22.62138167,28.83486733,70.506996
375.12616,59.72543733,64.42412467,22.72254567,28.98724133,70.472974
375.491028,59.615828,64.43929533,22.832271,29.15791133,70.42247267
375.855927,59.51476533,64.488945,22.87366867,29.22336967,70.634758
376.220734,59.412486,64.43680567,22.88988233,29.30819,70.76140833
376.585541,59.30933267,64.462887,22.97293667,29.384398,70.71221633
376.950287,59.19160333,64.32861733,23.11749133,29.51656267,70.80715933
377.315002,59.00988267,64.29603567,23.14059433,29.60641633,70.94396467
377.679688,58.98241033,64.29119867,23.21338767,29.737883,71.044065
378.044373,58.879322,64.36655833,23.28588533,29.84415333,71.27236933
378.408997,58.793063,64.26955667,23.33571933,29.995077,71.286756
378.773621,58.77814633,64.24401733,23.40039967,30.13564933,71.292066
379.138184,58.642278,64.25673167,23.487321,30.20084567,71.35587067
379.502716,58.623554,64.23520167,23.61227667,30.31880967,71.543676
379.867188,58.60268667,64.198208,23.68899967,30.423992,71.58163433
380.231659,58.47974767,64.30832967,23.85543833,30.59651133,71.74694033
380.5961,58.56906,64.257577,23.93496333,30.77421133,71.98372167
380.96051,58.5328,64.20129667,24.095131,31.063348,72.02293133
381.324921,58.49652467,64.01927567,24.25235233,31.29128067,72.12751233
381.68924,58.313633,63.927933,24.411562,31.62124633,72.14373767
382.053528,58.18721,63.82270067,24.550397,31.875291,72.267072
382.417816,58.23604567,63.77919767,24.659804,32.177959,72.364403
382.782013,58.148739,63.70868167,24.750981,32.27883533,72.51596833
383.14621,58.15099567,63.54624567,24.866887,32.516814,72.61584233
383.510406,58.06379333,63.47751133,24.98934267,32.73909433,72.61626667
383.874542,57.92645633,63.335321,25.13745067,32.903038,72.578888
384.238678,57.82274,63.16419233,25.328076,33.16003433,72.66580967
384.602753,57.74182767,63.09483567,25.434754,33.325453,72.650828
384.966766,57.61455,62.949511,25.652811,33.58754567,72.61040767
385.33078,57.567155,62.829282,25.81343633,33.76612633,72.606804
385.694763,57.49273167,62.71381733,25.89449067,33.96231967,72.539131
386.058685,57.41843133,62.653651,26.05677867,34.17180133,72.72252633
386.422607,57.314579,62.57894867,26.12501167,34.36755233,72.81543233
386.786499,57.270681,62.595487,26.26542133,34.638869,72.826698
387.15036,57.21590567,62.52047,26.45731933,34.81896267,72.82352467
387.51413,57.21724067,62.3562,26.561901,35.060627,72.882652
387.87793,57.19833033,62.183501,26.62730833,35.210118,72.83029933
388.241669,57.02274333,62.17319333,26.77629633,35.32947067,72.86571233
388.605377,56.88102333,62.169379,26.87280467,35.50513467,72.94964333
388.969025,56.880465,62.197028,27.00565,35.62431267,73.087771
389.332703,56.868862,62.11681767,27.08100167,35.86862533,73.20989233
389.69632,56.84399633,62.09469333,27.172936,36.01583733,73.45386
390.059875,56.748034,62.03453933,27.325602,36.13629833,73.477834
390.423431,56.720711,61.989746,27.493197,36.39813533,73.50508367
390.786957,56.59861633,61.93948733,27.605245,36.55086067,73.62488533
391.150421,56.626437,61.88860067,27.801682,36.81113133,73.65233867
391.513855,56.662459,61.86729467,27.97416633,37.09585,73.803248
391.877228,56.63214233,61.875717,28.06551933,37.24128333,74.02342733
392.240631,56.57753633,61.85946033,28.108509,37.49109567,74.156499
392.604004,56.67494433,61.822619,28.20484167,37.69821233,74.30241633
392.967316,56.665086,61.74380633,28.33163033,38.02449933,74.43415067
393.330597,56.71679533,61.667353,28.44989767,38.22601533,74.57539633
393.693848,56.73109833,61.67753233,28.537779,38.406707,74.77559133
394.057037,56.70183567,61.693737,28.717062,38.59431267,74.87132533
394.420197,56.65071867,61.581838,28.807115,38.72577833,74.899376
394.783325,56.589757,61.526253,28.86917833,38.99892933,75.02673367
395.146484,56.49647267,61.50922267,29.007284,39.279084,75.125308
395.509552,56.48246267,61.54261267,29.15277567,39.51341367,75.25927733
395.87262,56.42508833,61.54075767,29.32098167,39.82871767,75.337461
396.235596,56.42511633,61.428454,29.488769,40.02098467,75.518214
396.598572,56.41590333,61.38145833,29.61762433,40.376538,75.602089
396.961517,56.38878367,61.37690467,29.768141,40.587264,75.62327067
397.324432,56.36842333,61.25171633,29.91092233,40.84069833,75.65404733
397.687286,56.30596567,61.269207,29.997149,41.22069267,75.795166
398.05014,56.21811167,61.16284433,30.11577733,41.52316167,75.91544333
398.412964,56.18742267,61.146095,30.24255733,41.866511,76.00282267
398.775757,56.10679,61.17298133,30.30712633,42.19087867,76.19439933
399.138489,56.07831067,61.182893,30.470288,42.45134833,76.34712233
399.50119,56.04146333,61.21484333,30.60875833,42.73287333,76.42539467
399.863861,56.00858833,61.20086967,30.800767,43.025069,76.544828
400.226471,55.835683,61.104828,30.9556,43.326215,76.70119733
400.589081,55.69734067,61.08730333,31.112154,43.497355,76.90224233
400.951691,55.544075,61.107778,31.23813533,43.85415267,77.07748433
401.314209,55.379936,61.08806367,31.43043133,44.11564133,77.12532567
401.676758,55.31508267,61.042287,31.596396,44.32813533,77.06624367
402.039185,55.265963,61.05690367,31.775226,44.67986533,77.32144133
402.401642,55.11569233,61.069374,31.92828233,44.85684467,77.44608567
402.764038,55.027298,61.08361567,32.05777933,45.07355233,77.65280667
403.126404,55.03397233,61.03911867,32.18474267,45.400065,77.77850333
403.488739,55.01998667,60.942486,32.272051,45.767705,77.75331633
403.851074,55.01351433,60.94740033,32.40360133,46.06352967,77.81760133
404.213348,54.95013067,60.98405933,32.527554,46.27015067,77.875277
404.575592,54.858996,60.97621133,32.64532867,46.576908,77.91543833
404.937775,54.83179367,61.00565333,32.80187867,46.90731933,77.947492
405.299927,54.86777267,60.94516367,32.89540367,47.08828767,77.942304
405.662048,54.84661967,60.914866,32.96261133,47.366151,78.09870133
406.024139,54.880815,60.93746067,33.14656133,47.65363467,78.26130133
406.3862,54.88408367,60.85852067,33.25778133,47.99585733,78.32968167
406.74826,54.85453,60.84028367,33.35175,48.29881667,78.44932533
407.11026,54.81125367,60.85882833,33.491266,48.65953967,78.45143867
407.47226,54.759514,60.77770633,33.62654033,48.99883167,78.57778667
407.834167,54.80259067,60.80202967,33.70305067,49.3279,78.660769
408.196075,54.75333,60.87341933,33.77045733,49.716244,78.68799567
408.557892,54.77458033,60.887159,33.935639,50.01452,78.78461167
408.919739,54.841727,60.87740567,34.07052467,50.38927367,78.882449
409.281494,54.86306367,60.820638,34.09708667,50.786621,79.16025267
409.64328,54.82435967,60.89879967,34.15979267,51.109543,79.37518067
410.005035,54.91993467,60.85754,34.211074,51.42972167,79.45667533
410.36673,54.92221833,60.89287167,34.292889,51.84117367,79.56543733
410.728394,54.85828533,60.951752,34.40517,52.1357,79.84630033
411.089966,54.81735333,61.01404967,34.485583,52.36527133,80.02118167
411.451569,54.778969,61.026928,34.57626767,52.716754,80.15170267
411.813141,54.742355,60.95746867,34.64918567,53.05330133,80.307902
412.174652,54.78760667,60.970492,34.756695,53.30632133,80.55741633
412.536163,54.70410267,61.09887167,34.76773567,53.54861967,80.73197933
412.897644,54.68944533,61.17719267,34.85268733,53.931019,80.956253
413.259033,54.69507733,61.25107433,34.97183133,54.24720633,80.98116067
413.620392,54.61615633,61.19967767,35.00382667,54.63733933,81.14283233
413.98172,54.60126,61.190889,35.135442,54.91736,81.319829
414.343048,54.553472,61.21395733,35.20199067,55.30614967,81.43724833
414.704315,54.57786433,61.12029633,35.22690433,55.74517933,81.58745067
415.065582,54.55639133,61.06664767,35.25607167,56.04895933,81.556791
415.426788,54.52919133,61.09179833,35.32336833,56.414617,81.50403867
415.787994,54.50257733,61.055013,35.420044,56.74187333,81.64141333
416.149109,54.53720233,61.02893967,35.43007533,57.01980833,81.64137267
416.510223,54.51359567,60.990697,35.393313,57.34737133,81.69952167
416.871307,54.497302,61.00530133,35.469897,57.69527433,81.77846033
417.23233,54.50030033,60.84425233,35.490224,58.03147867,81.61038233
417.593323,54.391514,60.720323,35.59105933,58.374691,81.623479
417.954315,54.34996433,60.586484,35.61942167,58.64834733,81.561198
418.315247,54.203392,60.52833967,35.66663867,58.99117,81.49012267
418.676178,54.094536,60.52625,35.70305233,59.271493,81.637019
419.037048,54.066204,60.446926,35.77927933,59.52233233,81.644338
419.397858,54.06469967,60.40802267,35.81739667,59.849616,81.73639933
419.758636,54.041416,60.31689467,35.84537233,60.111159,81.710561
420.119415,54.00771467,60.25870633,35.90722533,60.371418,81.64687633
420.480103,53.93725433,60.18068433,35.99120433,60.67290367,81.675031
420.840851,53.91339267,60.124054,35.96006633,60.96262333,81.689425
421.201477,53.891103,60.14358667,35.982755,61.180458,81.63382467
421.562134,53.85578167,60.09919367,35.97579833,61.44583367,81.551356
421.922729,53.82726933,60.034714,35.94247167,61.631546,81.49951933
422.283264,53.82465367,60.02509833,35.966226,61.71839767,81.51774833
422.643799,53.85295233,60.02608333,35.997331,61.983827,81.66756933
423.004242,53.82284433,59.97163933,35.991179,62.17056167,81.79814133
423.364685,53.79987067,60.001643,36.04617167,62.32247667,81.77554333
423.725128,53.74896733,59.924068,36.126395,62.55019633,81.82193267
424.08551,53.68804967,59.894371,36.212653,62.751504,81.83526367
424.445892,53.675954,59.932859,36.24139,63.020107,81.832479
424.806183,53.62535867,59.92839533,36.27625667,63.22559467,81.96293367
425.166473,53.68277367,59.92743967,36.24884267,63.46995433,82.05176033
425.526703,53.67381267,59.96513333,36.307429,63.67708833,82.14932733
425.886902,53.77070867,59.93912267,36.33324433,63.80564633,82.22345233
426.24707,53.825221,59.871661,36.36195133,64.03346767,82.19572733
426.607208,53.79804867,59.925897,36.35158167,64.25459533,82.25231167
426.967316,53.73339067,59.94126133,36.353962,64.449599,82.28162933
427.327393,53.700849,59.993304,36.389286,64.723713,82.402814
427.687439,53.753001,59.967107,36.388181,64.95986467,82.52267433
428.047394,53.781509,59.95816567,36.36045433,65.15680933,82.60696433
428.407379,53.751714,59.97991933,36.40997433,65.36308167,82.66811867
428.767303,53.75063967,59.97402067,36.41562267,65.64867267,82.733218
429.127167,53.71369933,60.02016567,36.440099,65.87827833,82.871961
429.487061,53.742022,60.04499433,36.56890967,66.14989967,82.95676167
429.846863,53.69864767,60.108733,36.607235,66.470754,83.063591
430.206665,53.63939767,60.143978,36.65826533,66.694626,83.10858133
430.566437,53.63180133,60.18614433,36.70845167,67.00500367,83.16787967
430.926117,53.621965,60.149469,36.68162933,67.332209,83.28256467
431.285828,53.567314,60.22795767,36.64027267,67.564237,83.311821
431.645447,53.61652233,60.21507667,36.55371867,67.76084767,83.40670267
432.005035,53.53224967,60.17341867,36.58522133,67.95028433,83.461454
432.364655,53.56389233,60.163067,36.567441,68.18287933,83.53954567
432.724182,53.46968233,60.23113233,36.58575067,68.45553067,83.51385
433.08371,53.485527,60.27062333,36.57226433,68.70013933,83.602145
433.443207,53.41596467,60.24000933,36.55789733,69.03530633,83.55573533
433.802582,53.37492133,60.22203833,36.606814,69.24990233,83.697642
434.162018,53.400889,60.20157767,36.61868667,69.36137767,83.796946
434.521362,53.37629567,60.16133767,36.608672,69.55619167,83.73604833
434.880676,53.39183067,60.15213033,36.559198,69.705822,83.62866967
435.23999,53.403416,60.13801667,36.589769,69.91784167,83.52897633
435.599243,53.39896,60.15722633,36.543003,70.05394267,83.45380167
435.958496,53.36499667,60.05894367,36.59692033,70.17074967,83.48063667
436.317657,53.33428833,60.05307767,36.606163,70.22815433,83.50722
436.676819,53.372414,60.054165,36.59177133,70.36448933,83.52319333
437.03595,53.354117,60.12408367,36.444865,70.48604733,83.58755
437.39502,53.310173,60.028282,36.43230567,70.64820133,83.538907
437.754059,53.26588067,60.05565667,36.42249833,70.802831,83.50075767
438.113068,53.228137,60.11568433,36.418283,70.965818,83.461642
438.472046,53.226421,60.08141467,36.41520667,71.09867867,83.439527
438.830994,53.23488967,60.10898233,36.401965,71.148079,83.46990733
439.189911,53.153763,60.05358367,36.42034367,71.29119633,83.37592567
439.548798,53.20260233,60.025969,36.357455,71.410118,83.35486567
439.907593,53.21249133,60.01841867,36.422484,71.49656667,83.36818433
440.266388,53.19456733,60.00595467,36.472412,71.55147933,83.301229
440.625122,53.180233,59.94588967,36.45456033,71.60130067,83.22365833
440.983856,53.154209,59.970206,36.46723067,71.710148,83.23297633
441.342621,53.175728,60.02893067,36.43211367,71.75857167,83.07646167
441.701263,53.159444,59.99378833,36.400777,71.927275,83.04150867
442.059875,53.183455,59.93726867,36.45367967,71.96354433,82.98188267
442.418457,53.162772,59.96053067,36.46195067,72.072225,83.06685367
442.777008,53.106299,59.98224,36.436656,72.12745167,83.11220033
443.135498,53.06741967,59.98917133,36.45815433,72.236651,83.05469767
443.493958,53.02885567,60.09289567,36.47155767,72.39280567,83.00204233
443.852448,53.07007833,60.08836767,36.471367,72.46633533,83.060478
444.210876,53.02579,60.05351233,36.49733133,72.60140233,83.03297667
444.569214,52.97767633,59.99442033,36.57002033,72.655,83.024134
444.927551,53.00549833,60.04492567,36.55176,72.72399,83.09781167
445.285858,53.00401567,60.04584633,36.55265067,72.81074033,83.09926133
445.644104,52.99271667,59.95883433,36.56965133,72.85068633,83.08594533
446.002319,52.937954,59.99104967,36.57728833,72.92630267,83.06721233
446.360504,52.95298167,59.921261,36.58005667,73.03135433,83.068812
446.718719,52.96482333,60.00850433,36.63506067,73.15103933,83.13714067
447.076843,52.94775033,59.93355967,36.64142233,73.20455167,83.19257067
447.434906,52.89059967,59.96364933,36.59371567,73.23903033,83.183988
447.792938,52.909785,59.94518267,36.591839,73.32257333,83.26046767
448.15094,52.87201967,59.999144,36.60300567,73.51788067,83.26980867
448.508911,52.85764933,60.04576367,36.57594167,73.56975267,83.28446467
448.866852,52.86197933,59.995154,36.56350467,73.662262,83.379771
449.224731,52.84692267,59.951196,36.588057,73.70573667,83.313591
449.582672,52.841328,59.991538,36.59223167,73.83197,83.34171033
449.940491,52.84568267,59.935374,36.566742,73.90826533,83.31631733
450.298279,52.859956,59.91090633,36.59509133,74.10237,83.31515533
450.656067,52.769693,59.92562467,36.63575867,74.12003733,83.46143867
451.013733,52.77897133,59.93401367,36.63353967,74.11588033,83.52060967
451.371429,52.71721767,59.87051533,36.69633233,74.289421,83.47413633
451.729095,52.74066433,59.83131667,36.72603333,74.31097667,83.51994567
452.0867,52.70854067,59.85313933,36.77285633,74.425672,83.50619233
452.444336,52.628194,59.801371,36.80757267,74.51891333,83.44884733
452.80188,52.61889,59.751887,36.82044967,74.54077167,83.468676
453.159363,52.59251267,59.76597967,36.86128133,74.633835,83.50228633
453.516815,52.644714,59.70041033,36.88120433,74.70783733,83.56523633
453.874237,52.56548333,59.764,36.89298867,74.81033067,83.563942
454.231628,52.51378667,59.69243367,36.88021567,74.85579433,83.53531433
454.588989,52.44764967,59.79077267,36.927148,74.97068,83.44244633
454.94632,52.40736667,59.687635,36.970884,75.08558167,83.34935
455.30365,52.34951533,59.720355,36.93825,75.095563,83.31968167
455.660919,52.37285867,59.69306667,36.95894967,75.01623267,83.17274733
456.018127,52.35166033,59.630446,37.02295033,75.03880567,83.112363
456.375305,52.30849933,59.681169,37.06585333,75.120725,82.999807
456.732422,52.25399733,59.70851267,37.05641667,75.21970367,82.93240367
457.089539,52.21962367,59.65802033,37.106017,75.24113467,83.00951933
457.446594,52.17157367,59.546181,37.168397,75.33511133,82.94008367
457.80365,52.15773933,59.55075967,37.20656467,75.26845533,82.971629
458.160706,52.21174367,59.55304833,37.20365533,75.35335033,82.90005
458.517639,52.190412,59.47759667,37.222295,75.42558267,82.84648633
458.874542,52.156872,59.51240933,37.17578267,75.44186633,82.851494
459.231445,52.10336667,59.53456867,37.23104333,75.41330967,82.838366
459.588287,52.09859967,59.53436933,37.27967967,75.371404,82.86064633
459.945099,52.13435467,59.632871,37.30249033,75.37912767,82.81271133
460.30188,52.15057733,59.688573,37.333594,75.43878667,82.81729133
460.6586,52.16587067,59.63275533,37.33901733,75.41346733,82.825307
461.015381,52.147017,59.62535967,37.358046,75.51154833,82.831037
461.37204,52.17036067,59.590431,37.42112333,75.58879367,82.839625
461.728668,52.18400867,59.67703867,37.45422367,75.58647933,82.81107333
462.085266,52.23108133,59.62976867,37.54080333,75.609983,82.818222
462.441803,52.240556,59.73187133,37.57132333,75.585729,82.83639
462.798309,52.25826533,59.677129,37.66237767,75.63604233,82.93258167
463.154816,52.22141767,59.68029033,37.72236267,75.69706967,83.17420967
463.511261,52.204651,59.65183233,37.785318,75.737541,83.238818
463.867706,52.214897,59.66703767,37.89854333,75.87552933,83.312327
464.224091,52.24945467,59.726041,37.98206167,75.91657767,83.41896567
464.580444,52.25952667,59.83050367,37.952554,75.95185333,83.37424467
464.936737,52.29383233,59.97044967,37.99037433,75.89545433,83.480123
465.292999,52.20908967,59.90412533,38.068923,75.91312133,83.39068367
465.6492,52.18584933,59.87735233,38.14845533,75.987902,83.44420367
466.005402,52.247603,59.8954,38.226597,76.094841,83.58895867
466.361542,52.2892,59.96434167,38.31874867,76.09650433,83.53536467
466.717712,52.28070467,59.99497333,38.37326067,76.288574,83.58652
467.073792,52.31388467,59.97172767,38.382478,76.38967133,83.57224767
467.42984,52.35197233,59.88715633,38.49702733,76.391482,83.68732967
467.785828,52.33262233,59.831412,38.576804,76.366351,83.598358
468.141815,52.31635667,59.98630533,38.64197667,76.43283333,83.70934567
468.497742,52.329802,59.923837,38.752749,76.322632,83.69750967
468.853638,52.31849533,59.948802,38.84862233,76.293223,83.64874267
469.209503,52.36733,59.88428267,38.92649233,76.32275633,83.62395467
469.565369,52.30563733,59.86799867,38.93796567,76.246035,83.64797467
469.921143,52.31542333,59.80412433,39.041569,76.331955,83.630071
470.276886,52.36491667,59.900841,39.06667567,76.33134967,83.59932967
470.632599,52.37786233,59.86791767,39.166669,76.40237933,83.551707
470.988281,52.41393667,59.85073367,39.23895133,76.473638,83.58940367
471.343933,52.43682467,59.80423633,39.32776167,76.38040167,83.601911
471.699493,52.434457,59.73496967,39.41863867,76.24940233,83.69973767
472.055054,52.39215467,59.72836067,39.58882767,76.29810567,83.739695
472.410675,52.347598,59.64631267,39.699501,76.33378367,83.71106733
472.766144,52.38504267,59.71917467,39.738129,76.36195867,83.79969267
473.121582,52.475576,59.69164267,39.848619,76.37176,83.74361933
473.47702,52.468866,59.750472,39.947735,76.36575067,83.683881
473.832397,52.41485333,59.72162133,40.04537067,76.445783,83.73459367
474.187714,52.404938,59.77569333,40.11034667,76.27503967,83.71475467
474.54303,52.37362033,59.75461833,40.18861133,76.31425233,83.68574267
474.898315,52.350136,59.792009,40.23202767,76.27538567,83.60360467
475.253571,52.30248367,59.76386233,40.28521233,76.30539433,83.596382
475.608765,52.243726,59.72790033,40.391028,76.282758,83.379349
475.963928,52.194748,59.79446033,40.46866367,76.30470033,83.309573
476.319,52.23645,59.762582,40.50385533,76.394399,83.29116567
476.674103,52.20055533,59.774853,40.60469067,76.41339633,83.34861
477.029144,52.209723,59.83522267,40.72361967,76.465515,83.30893467
477.384125,52.25594567,59.90761933,40.77949033,76.48772667,83.31141167
477.739166,52.21782133,59.83925233,40.90866233,76.58889,83.25768267
478.094086,52.25608967,59.843474,41.012197,76.58557867,83.181722
478.448975,52.27340833,59.88243867,41.07863467,76.49936933,83.03585333
478.803833,52.27689133,59.85551833,41.13193867,76.515526,82.87444067
479.158661,52.314377,59.89867133,41.224734,76.61566933,82.773351
479.513458,52.37884633,59.852834,41.271019,76.663513,82.67419967
479.868164,52.39449567,59.998825,41.39412567,76.769272,82.52682267
480.22287,52.62233367,60.173702,41.762422,76.98645267,82.568855
480.577606,52.97437933,60.52111967,42.314705,77.317098,82.88440433
480.932251,53.20457733,60.69743367,42.82042067,77.543129,83.15918467
481.286835,53.26681133,60.73060867,43.09758233,77.56179833,83.184901
481.641388,53.205813,60.695433,43.26049667,77.59162133,83.09892
481.995911,53.165722,60.62964133,43.373493,77.62788633,83.05786133
482.350403,53.115017,60.59933233,43.47858433,77.65125533,83.07313533
482.704834,53.08584967,60.57497567,43.58509333,77.59370433,83.11156467
483.059204,53.11875533,60.55290233,43.67046367,77.59569033,83.10107667
483.413666,53.12577567,60.477614,43.73206067,77.563192,83.036181
483.767975,53.09654,60.47533533,43.85665633,77.55103033,82.983452
484.122284,53.11347733,60.46781933,43.97548267,77.571172,82.868543
484.476532,53.10248033,60.441573,44.10853467,77.54722867,82.86117567
484.83075,53.05993167,60.43590833,44.24532967,77.55691,82.867841
485.184937,53.06012833,60.40750767,44.35327267,77.542908,82.864479
485.539063,53.02247733,60.411742,44.44359333,77.51257833,82.85644767
485.893158,52.99011867,60.36530833,44.56658533,77.54078667,82.86704
486.247284,52.94768633,60.37328567,44.67281233,77.49442567,82.90844233
486.601318,52.910614,60.37395333,44.765137,77.47736133,82.87882233
486.955322,52.88938,60.394337,44.910169,77.43605533,82.89275133
487.309265,52.878858,60.333491,45.057238,77.43039167,82.94104767
487.663177,52.77424233,60.21375,45.131817,77.30887367,82.94578567
488.017059,52.546179,59.98455933,45.062073,77.113805,82.75545267
488.370911,52.36014967,59.82148867,44.96418533,76.982895,82.53423067
488.724701,52.27636833,59.74398567,45.02433267,76.93614967,82.46298733
489.078522,52.26351933,59.73349533,45.12490333,76.98882567,82.47625
489.432251,52.23374067,59.75745133,45.25931667,76.97741167,82.53696667
489.785919,52.22616567,59.725127,45.35326,76.99725333,82.50395433
490.139587,52.25674067,59.69773467,45.451969,77.052887,82.485354
490.493195,52.212022,59.683389,45.56370933,77.06242133,82.57872233
490.846771,52.17979033,59.717627,45.66600933,77.047605,82.647667
491.200287,52.14614867,59.718291,45.73003267,77.04454067,82.729024
491.553802,52.09426133,59.73425167,45.80767433,77.027664,82.80582667
491.907318,52.09206033,59.704664,45.85549567,77.044886,82.85306033
492.260742,52.04330033,59.65627167,45.91831967,77.03484867,82.88968933
492.614105,52.01313933,59.68728633,46.02094,77.03907,82.926305
492.967468,51.968114,59.65075067,46.112138,77.04154433,82.938161
493.32077,51.920264,59.68461733,46.192575,77.06207033,82.947273
493.674042,51.922358,59.652353,46.32696667,77.19089,82.98945367
494.027283,51.89568067,59.62193533,46.454605,77.21702333,83.057215
494.380463,51.864685,59.62262733,46.581528,77.307251,83.120514
494.733673,51.84660833,59.665399,46.74492767,77.29185967,83.21408867
495.086792,51.772578,59.657711,46.84370933,77.35383067,83.18709067
495.43988,51.68446067,59.64675667,46.96153267,77.35555,83.19983667
495.792938,51.60104367,59.59344867,47.090561,77.314598,83.229637
496.145935,51.55782567,59.59230567,47.14671233,77.318924,83.291621
496.498871,51.55432633,59.555861,47.21019467,77.312452,83.30121367
496.851837,51.573279,59.56845967,47.26730733,77.24901333,83.22682967
497.204681,51.57247933,59.61252167,47.39029433,77.247243,83.24557
497.557587,51.507374,59.68543867,47.46692167,77.31267033,83.223122
497.910431,51.48628067,59.64470433,47.518125,77.26513667,83.14446767
498.263184,51.47718833,59.679068,47.68213167,77.33400467,83.137052
498.615936,51.49856967,59.66026833,47.86449667,77.24904133,83.114619
498.968628,51.46732967,59.61849467,48.034874,77.27622467,83.205551
499.321289,51.373393,59.60761,48.14366033,77.31128467,83.24748
499.67392,51.38761767,59.656057,48.34024167,77.31550833,83.15096033
500.026489,51.38381567,59.63328033,48.47472633,77.226644,83.165558
500.379089,51.42020433,59.62550133,48.62335067,77.30125967,83.20749933
500.731598,51.46170567,59.62756767,48.76041933,77.32011633,83.27189367
501.084076,51.479379,59.68947867,48.88067133,77.22024,83.222412
501.436493,51.511134,59.69598133,49.07272633,77.26134767,83.285108
501.788879,51.553993,59.602179,49.21882367,77.26452133,83.289065
502.141205,51.553317,59.55083567,49.359792,77.27933533,83.220833
502.49353,51.57311133,59.49380467,49.46819167,77.292221,83.26502233
502.845795,51.588267,59.51784267,49.64536133,77.288536,83.285835
503.19812,51.62425367,59.535623,49.76445,77.245191,83.28418767
503.550293,51.650336,59.51026033,49.95940133,77.25581367,83.28804033
503.902466,51.63695433,59.47804633,50.087406,77.09128067,83.33644633
504.254578,51.656681,59.49432367,50.27271267,77.179517,83.40509533
504.606659,51.63712667,59.469429,50.408498,77.183581,83.43395767
504.95871,51.69057333,59.429011,50.557026,77.00112667,83.386968
505.310699,51.73850367,59.434808,50.70799367,77.05339067,83.35907
505.66275,51.76765067,59.424634,50.84856033,77.09236633,83.32732133
506.014679,51.73760233,59.38140233,50.93212133,77.182869,83.32873767
506.366547,51.76396933,59.33404567,50.97026833,77.116315,83.235532
506.718384,51.78655867,59.33681,51.12458433,77.12204767,83.10256667
507.070221,51.793883,59.297283,51.11121767,77.13152067,83.09647367
507.421997,51.772799,59.27152233,51.26360833,77.174095,83.008054
507.773712,51.73137167,59.32421233,51.364484,77.14177167,83.00085967
508.125397,51.75146867,59.35546467,51.43708167,77.15718833,83.01312767
508.477112,51.73666,59.300032,51.50754567,77.2422,83.060196
508.828735,51.726892,59.287332,51.569715,77.21974433,82.999443
509.180328,51.70864467,59.38930133,51.60715367,77.19821667,82.97450233
509.53186,51.74064,59.314635,51.692722,77.211146,83.01760133
509.883362,51.72154633,59.36017633,51.828705,77.18426767,82.99950433
510.234833,51.72379667,59.33768233,51.866127,77.16386667,83.07236233
510.586273,51.71756,59.39026667,51.99771633,77.18268567,83.16272467
510.937622,51.73515433,59.380319,52.06715633,77.151492,83.11642233
511.289032,51.781638,59.39989233,52.20327633,77.15055367,83.06765767
511.64035,51.79471467,59.35146733,52.29181033,77.13454433,83.00652833
511.991608,51.799122,59.36438633,52.366645,77.22177367,83.038559
512.342834,51.78842667,59.38940033,52.46464167,77.29715733,83.048182
512.69397,51.797634,59.46458433,52.60081233,77.308975,83.025144
513.045166,51.75725433,59.46044533,52.67246233,77.34892267,83.07394167
513.396301,51.76329167,59.480404,52.76975767,77.28686033,82.98410533
513.747314,51.775622,59.49156933,52.86618933,77.30649067,82.99899033
514.09845,51.82366433,59.51873267,52.94225933,77.32175167,83.05409267
514.449463,51.90617233,59.61048867,53.121029,77.29370367,83.06822733
514.800415,51.93238433,59.61834567,53.12101,77.308268,83.07418567
515.151367,51.96981567,59.60723367,53.25460033,77.31847633,83.112925
515.502197,51.98775367,59.627538,53.363101,77.28142267,83.06982167
515.853027,52.01009633,59.705119,53.44796233,77.30502567,83.07040667
516.203796,52.03544867,59.68917367,53.60721333,77.31407167,83.01832567
516.554565,52.04230667,59.68244567,53.75834667,77.29507433,82.997706
516.905396,52.06055967,59.75230267,53.86718367,77.30696633,82.99178333
517.256042,52.06423033,59.80879333,54.02271267,77.310084,82.94002533
517.606689,52.11832167,59.83217233,54.10399133,77.30204533,82.90258533
517.957336,52.135722,59.83530667,54.14909467,77.263545,82.901202
518.307861,52.119067,59.85299533,54.209526,77.31235,82.92754867
518.658386,52.126082,59.835097,54.26121233,77.32935833,82.958196
519.00885,52.12284867,59.85064667,54.32844667,77.30222567,83.00001033
519.359314,52.08747,59.830711,54.437425,77.242526,82.91161067
519.709778,52.11177533,59.83996433,54.534949,77.25747933,82.94701133
520.060181,52.10015233,59.798552,54.59621067,77.28367367,82.92837767
520.410461,52.10442867,59.77408833,54.687449,77.27131633,82.848297
520.760803,52.12350233,59.79850767,54.770953,77.36084767,82.85630533
521.111023,52.142769,59.81822567,54.84588133,77.41367333,82.90623467
521.461182,52.13237,59.8534,54.914219,77.403028,82.868619
521.81134,52.09414833,59.780712,54.959792,77.42967967,82.78620433
522.161499,52.07573067,59.83732467,55.073728,77.53029133,82.80512233
522.511658,52.09348433,59.838876,55.10677233,77.50930533,82.71078733
522.861694,52.11837767,59.81935733,55.225947,77.47239433,82.65146867
523.211731,52.10891467,59.79091,55.36824667,77.45092767,82.617452
523.561707,52.134635,59.82673267,55.36539967,77.43605533,82.66314433
523.911621,52.17004033,59.880512,55.41319667,77.40448767,82.62047567
524.261536,52.183067,59.923832,55.459521,77.48486867,82.50598133
524.611389,52.24264267,59.981172,55.437893,77.45227067,82.434835
524.961182,52.28255833,60.10875067,55.54965567,77.61794533,82.489133
525.311035,52.43725033,60.328621,55.86854433,77.87292467,82.59129333
525.660767,52.60730967,60.51415267,56.211482,78.02892067,82.73000333
526.010437,52.624218,60.60018167,56.43676733,78.15174867,82.819448
526.360107,52.62265633,60.61698633,56.56948567,78.22147367,82.84658567
526.709717,52.62175733,60.67586533,56.651815,78.16409067,82.824402
527.059326,52.554315,60.70175067,56.68872233,78.15155767,82.81664267
527.408875,52.53246667,60.69985333,56.742237,78.15256267,82.85177367
527.758301,52.51115667,60.74125933,56.74006767,78.17844367,82.88263433
528.107849,52.483747,60.709666,56.76072567,78.13144167,82.88410967
528.457275,52.43975567,60.71692167,56.82214,78.15556367,82.89263633
528.806641,52.39408133,60.70455267,56.91462733,78.128624,82.901614
529.156006,52.376156,60.73799,56.96241133,78.157623,82.95907067
529.505249,52.38441467,60.73785133,56.96849833,78.079605,82.94033067
529.854553,52.375051,60.74732733,57.02615833,78.10375467,82.89906833
530.203735,52.339826,60.76237967,57.086704,78.11076867,82.89898167
530.552917,52.32106,60.74496967,57.15243533,78.12814367,82.86694333
530.902161,52.283225,60.74313233,57.254865,78.14961767,82.80382267
531.251282,52.21480333,60.743562,57.33310067,78.20241833,82.823944
531.600342,52.18239333,60.727946,57.41982267,78.13780467,82.843122
531.94928,52.13249567,60.72728067,57.514946,78.19929767,82.89920333
532.29834,52.018078,60.625706,57.60536933,78.11129,82.87963333
532.647278,51.852469,60.45117033,57.468938,77.970037,82.73527767
532.996155,51.66087967,60.28036633,57.25214533,77.86172467,82.55554433
533.345093,51.55673867,60.20876067,57.13096233,77.772034,82.44131467
533.693909,51.48200233,60.22588467,57.102951,77.70955133,82.34347267
534.042664,51.46317,60.176165,57.12294133,77.75910167,82.34323667
534.391418,51.493219,60.17223867,57.189551,77.801684,82.37781767
534.740051,51.44802,60.17990467,57.19043733,77.75042967,82.33952333
535.088806,51.471414,60.144511,57.268505,77.72650667,82.356499
535.437378,51.44725667,60.18398,57.33704133,77.75057967,82.37362667
535.786011,51.46163533,60.167998,57.33175167,77.70708467,82.30896733
536.134521,51.47820667,60.13003533,57.30576467,77.741908,82.29511533
536.483093,51.44197467,60.11515167,57.29635233,77.74342367,82.20755233
536.831543,51.417806,60.07523867,57.39338833,77.78034467,82.154953
537.179932,51.40085967,60.08191567,57.386397,77.80088067,82.18505867
537.52832,51.40512067,60.05363867,57.335907,77.76642867,82.13718933
537.876648,51.436203,60.08071233,57.29570133,77.75207267,82.07495367
538.224976,51.44782633,60.07524767,57.27372733,77.79983,82.10043567
538.573242,51.501335,60.06764367,57.365186,77.77355933,82.10031367
538.921448,51.51092667,60.09369933,57.387048,77.67473367,82.09989167
539.269714,51.50686033,60.052826,57.42335267,77.641754,82.08970133
539.617798,51.54118967,60.06151967,57.46167267,77.62707533,82.03042333
539.965881,51.53123333,60.024826,57.548435,77.57992033,82.038925
540.313965,51.53062333,59.99488833,57.661738,77.470347,82.077413
540.661987,51.55248633,59.96673433,57.76854467,77.47580467,82.101186
541.01001,51.571648,59.909556,57.849378,77.46129867,82.14804067
541.35791,51.54997233,59.88339,57.82601033,77.46649933,82.11842067
541.705872,51.51919833,59.827353,57.770696,77.42768867,82.01359333
542.053711,51.573654,59.82530333,57.79915633,77.449656,81.978279
542.401489,51.562631,59.802878,57.81029633,77.435715,81.88784533
542.749268,51.57386633,59.73890333,57.83632633,77.40525333,81.85953033
543.096985,51.565109,59.694215,57.87060167,77.42345433,81.845787
543.444702,51.59340533,59.72525033,57.94437267,77.39581567,81.776085
543.792358,51.62489333,59.64936433,58.001895,77.311315,81.759964
544.140015,51.619405,59.632042,57.988032,77.32592,81.75323733
544.48761,51.59864167,59.566766,58.060013,77.26648933,81.71519233
544.835144,51.548092,59.52807233,58.127397,77.29193333,81.720281
545.182617,51.502486,59.49917367,58.17457967,77.25815333,81.73871333
545.53009,51.45277767,59.48460267,58.20559333,77.19835667,81.72617833
545.877502,51.40225467,59.407622,58.14438467,77.16002633,81.68117533
546.224854,51.33613733,59.34762333,58.128035,77.34211,81.73639667
546.572205,51.330461,59.305846,58.10575133,77.345787,81.79807
546.919495,51.33290733,59.262858,58.06827167,77.32016233,81.82333867
547.266785,51.37656533,59.24142833,58.05439267,77.34766667,81.75134033
547.614014,51.315562,59.28396733,57.99763,77.46800767,81.706169
547.961182,51.31035867,59.26633333,57.88627233,77.434072,81.56714367
548.30835,51.33614233,59.286311,57.784663,77.45015467,81.540588
548.655396,51.40988133,59.271585,57.76897833,77.44546,81.62391667
549.002441,51.446012,59.20131533,57.798519,77.456497,81.65699267
549.349426,51.40943433,59.16490033,57.81476467,77.43784333,81.63491533
549.696411,51.416205,59.178693,57.796927,77.47411333,81.696335
550.043396,51.415675,59.217837,57.75713833,77.49011733,81.653539
550.390259,51.42881133,59.23732767,57.808159,77.427462,81.70337667
550.737122,51.428702,59.16555167,57.739835,77.47940067,81.72289033
551.083923,51.46574033,59.20549533,57.80039833,77.46528867,81.77751167
551.430664,51.51623,59.217303,57.867429,77.49137367,81.918475
551.777344,51.623979,59.31064467,57.93396,77.549197,82.018341
552.124084,51.70579167,59.274129,57.97699967,77.659955,82.16624467
552.470703,51.77826333,59.21898167,58.007243,77.67949167,82.19236267
552.817322,51.81499467,59.19505567,58.05399833,77.64958967,82.23490167
553.16394,51.88716267,59.235044,58.111852,77.684779,82.309415
553.510437,51.99369567,59.22900633,58.13628167,77.58657333,82.22205833
553.856873,51.981013,59.287973,58.199155,77.59955367,82.14038633
554.203308,52.017254,59.35471067,58.24312967,77.70047767,82.14285267
554.549744,52.02004633,59.36934933,58.29095067,77.732506,82.22000867
554.896057,52.101434,59.32583867,58.35530767,77.61876433,82.25422933
555.242371,52.14268467,59.34806067,58.46214067,77.616219,82.304334
555.588684,52.117514,59.286307,58.491258,77.53907767,82.31334667
555.934875,52.133475,59.29690933,58.603536,77.528422,82.261284
556.281067,52.12085733,59.41121667,58.71574533,77.54637167,82.25788633
556.627258,52.16694633,59.40386833,58.71358733,77.55643433,82.40013367
556.973328,52.23585267,59.31929267,58.76181033,77.57891333,82.36428867
557.319458,52.28035467,59.365443,58.81440867,77.56106067,82.40517933
557.665405,52.302414,59.40754567,58.79811333,77.58652,82.345266
558.011414,52.30330033,59.48062267,58.83707033,77.62109133,82.369728
558.357361,52.294384,59.50627233,58.83446633,77.67167667,82.38939433
558.703247,52.24477367,59.502172,58.86532867,77.688164,82.24336767
559.049133,52.187875,59.460869,58.829033,77.71247833,82.208618
559.39502,52.160783,59.535389,58.86783333,77.67247033,82.188169
559.740784,52.138963,59.560959,58.823771,77.690824,82.21534733
560.086487,52.229305,59.53722367,58.82318767,77.76285067,82.16901133
560.432129,52.22922,59.45489367,58.79678467,77.725952,82.131294
560.777832,52.24633933,59.42596833,58.85330967,77.72912067,82.13897467
561.123474,52.30886733,59.379571,58.83829367,77.74179833,82.07651033
561.468994,52.27482367,59.40216967,58.859807,77.73134867,82.00422167
561.814575,52.27594,59.36553967,58.836347,77.812223,82.02980567
562.160034,52.27344667,59.447268,58.81203333,77.89433067,81.97210667
562.505493,52.31330267,59.436747,58.79164867,77.92010767,81.99773667
562.850891,52.367475,59.47336967,58.80225367,78.005356,81.92047367
563.196228,52.35085067,59.453546,58.778923,78.08237733,81.88909933
563.541626,52.33841967,59.372809,58.75830433,78.08158867,81.98369067
563.886902,52.372143,59.40843967,58.81085967,78.09135933,81.95388033
564.232178,52.34586833,59.466536,58.84585333,78.05009967,82.05331167
564.577332,52.36145033,59.368651,58.84671533,78.14342467,82.06592033
564.922485,52.32633333,59.36498267,58.86680733,78.13515467,82.01806133
565.267639,52.31501767,59.34723767,58.85318367,78.06461333,81.98652133
565.612671,52.303618,59.328182,58.779849,78.04200233,81.96420533
565.957703,52.364089,59.42736933,58.82426967,77.99203467,81.92529533
566.302795,52.359072,59.43019467,58.86482,77.96824667,81.962316
566.647705,52.42470567,59.51263967,58.837391,77.94876867,81.75437667
566.992615,52.39812967,59.53317267,58.87622733,77.87695833,81.78376767
567.337463,52.33225367,59.62440767,58.93148667,77.85518133,81.75738033
567.682251,52.311236,59.722477,58.92399733,77.94376133,81.69881433
568.0271,52.24422333,59.828159,58.90756767,78.011589,81.72196167
568.371826,52.288511,59.86722833,58.87463767,78.031901,81.74085467
568.716492,52.33654267,59.82436633,58.86040367,78.02078733,81.70556133
569.061218,52.38219167,59.90776567,58.802606,77.84489167,81.684657
569.405823,52.399751,59.99219533,58.82147233,77.88167567,81.69893133
569.750366,52.35734033,60.13464233,58.81284833,77.881134,81.72364033
570.09491,52.30075467,60.20923467,58.80820067,77.90878533,81.75449633
570.439392,52.25390667,60.328018,58.80055867,77.82584133,81.76780967
570.783875,52.287056,60.420789,58.777196,77.86056233,81.71369667
571.128235,52.27137767,60.47168633,58.80124933,77.84831233,81.687322
571.472595,52.22402067,60.62541067,58.77000167,77.83272267,81.62313833
571.817017,52.25529967,60.73630133,58.752054,77.81010667,81.53876467
572.161255,52.26635467,60.80595367,58.725642,77.82652767,81.479937
572.505554,52.26320767,60.86552933,58.76429367,77.81695033,81.535843
572.84967,52.24188633,60.94392633,58.84156533,77.905286,81.61034133
573.193848,52.19431933,60.94365567,58.78369133,77.943227,81.61607633
573.537964,52.17431,60.94849533,58.75380467,77.93585967,81.581726
573.882019,52.14258567,60.958271,58.78441133,77.982788,81.791738
574.226074,52.14717233,60.98509733,58.78397233,78.01333867,81.750725
574.570129,52.20702867,61.01558567,58.77649933,77.972936,81.715678
574.914063,52.23401767,61.000604,58.776099,78.00319933,81.77448533
575.257996,52.24968833,61.06026067,58.754846,77.94277433,81.81751
575.601807,52.18141533,61.08220167,58.842978,77.92659,81.806974
575.945618,52.13795967,61.13331833,58.84225733,77.88227067,81.83474233
576.289429,52.044093,61.19779333,58.943015,77.98094967,81.79155467
576.633118,52.057447,61.18611033,58.95768833,77.879654,81.790909
576.976807,52.05619567,61.111514,59.05264133,77.90891267,81.774025
577.320496,52.09845967,61.09228133,59.104861,77.911466,81.73982733
577.664124,52.127595,61.05437467,59.173959,77.947276,81.73224867
578.00769,52.15350967,61.02911633,59.20063667,77.97809867,81.69356533
578.351196,52.154114,61.00137733,59.21065,78.001147,81.65349333
578.694702,52.189223,60.96832267,59.306005,77.982371,81.73247767
579.038147,52.10921333,60.95328267,59.34467967,78.01382733,81.832616
579.381531,52.13532367,60.99080133,59.37676467,78.029134,81.979637
579.724854,52.10159033,61.04068633,59.43248633,78.06369033,81.96549733
580.068237,52.039827,61.014994,59.40684267,77.96905,81.85752367
580.411499,51.999222,61.01106533,59.538279,77.88604767,81.90896367
580.754761,52.02748367,61.10523867,59.587513,77.97080733,81.914678
581.0979,51.95681,61.05199933,59.65159633,77.89998867,81.77461733
581.44104,51.93851833,61.07227967,59.705205,77.937869,81.82454933
581.78418,51.86619833,61.10196833,59.64294833,77.99794233,81.82532767
582.127197,51.830185,61.07169467,59.67449967,77.97728467,81.727997
582.470215,51.808768,61.001179,59.720552,78.01105467,81.682012
582.813232,51.80767933,61.046121,59.693751,78.025607,81.72433233
583.156189,51.794661,61.04291633,59.76436767,78.05277233,81.76337933
583.499084,51.83078033,61.017723,59.78431333,78.10180167,81.786728
583.841919,51.762089,60.927433,59.85108833,78.13174933,81.77448
584.184753,51.742317,60.89058433,59.81567533,78.19775167,81.676923
584.527466,51.716096,60.87417367,59.74369533,78.16163367,81.70325467
584.870178,51.71453233,60.85916767,59.672081,78.101392,81.61989333
585.212891,51.68748733,60.93004467,59.66503633,78.07149767,81.524498
585.555542,51.58191833,60.935504,59.66826633,77.98315933,81.448634
585.898132,51.587911,60.908305,59.61678033,78.03798667,81.245453
586.240662,51.54798133,60.827942,59.569674,78.13292933,81.271225
586.583252,51.550779,60.74884667,59.54444,78.120598,81.220912
586.925659,51.60305033,60.650463,59.56423067,78.16352567,81.17065667
587.268066,51.70267367,60.64353933,59.59423333,78.23903433,81.18228167
587.610474,51.73311767,60.61094833,59.51111733,78.247284,81.21240767
587.95282,51.697263,60.58118833,59.45004,78.22478467,81.16205067
588.295166,51.72810367,60.53572967,59.427255,78.26620233,81.15841133
588.63739,51.74697633,60.48351567,59.43517933,78.2892,81.043294
588.979614,51.72537633,60.38483933,59.47226433,78.242485,81.170006
589.321777,51.73840967,60.42072167,59.42080833,78.23144267,81.26489267
589.663879,51.78403333,60.344509,59.38006833,78.23718767,81.23704
590.005981,51.81803167,60.24695867,59.35949333,78.22287233,81.25198633
590.348022,51.88349667,60.20022333,59.31249133,78.34926867,81.17239867
590.690002,51.84847633,60.182171,59.247345,78.27292133,81.179118
591.031982,51.84746267,60.07720333,59.165404,78.3299,81.18878933
591.373962,51.84328467,60.10231667,59.03917067,78.317187,81.21295167
591.71582,51.83632133,60.160988,58.963931,78.29080967,81.186203
592.057556,51.85885233,60.101045,58.97719933,78.30107367,81.309494
592.399414,51.84989933,59.981335,58.99685,78.349462,81.367874
592.74115,51.90346267,60.01022467,58.93295667,78.47201267,81.40669267
593.082825,51.87846367,59.906081,58.89717867,78.50647467,81.49721033
593.4245,51.88654733,59.91111367,58.85279333,78.48860167,81.499237
593.766113,51.78500133,59.88628633,58.83658233,78.50039167,81.53324133
594.107666,51.77089567,59.83412667,58.77831767,78.56658667,81.56572467
594.449219,51.74804433,59.78247067,58.84329833,78.56965367,81.533249
594.79071,51.80264933,59.75355133,58.790198,78.59943933,81.54405467
595.132141,51.78782533,59.72692133,58.88080333,78.54771167,81.51397933
595.473511,51.81380067,59.795633,58.88558867,78.540446,81.63363167
595.81488,51.84283167,59.81496833,58.82167067,78.59712967,81.68750267
596.15625,51.84836067,59.82467533,58.831186,78.71044933,81.636424
596.497498,51.85402833,59.85999433,58.86835467,78.63563267,81.591629
596.838745,51.83009967,59.867784,58.889496,78.642764,81.582718
597.179932,51.832751,59.87384433,58.936817,78.67753333,81.52478
597.521057,51.82996267,59.888977,58.860947,78.66962933,81.62084967
597.862122,51.84956233,59.818385,58.82991133,78.65688567,81.635066
598.203125,51.88428133,59.919042,58.86517467,78.63760867,81.605774
598.544189,51.871989,59.826557,58.906114,78.511533,81.547946
598.885193,51.87644333,59.77324033,58.96956,78.59812933,81.56396
599.226135,51.84424867,59.83157467,58.92598067,78.675827,81.54691567
599.567017,51.854604,59.85912333,58.91859533,78.59885933,81.49492633
599.907776,51.85560967,59.85172133,58.90142333,78.525757,81.51775867
600.248657,51.88019033,59.87704867,58.94064833,78.465749,81.459432
600.589355,51.94432167,59.96103167,59.04883833,78.35453533,81.44658133
600.930054,52.082268,59.945173,59.028562,78.303617,81.41065967
601.270752,52.10645933,59.984412,58.991778,78.34591933,81.327011
601.611389,52.131827,59.96791467,58.97724267,78.32437633,81.30217233
601.951965,52.10849767,59.968324,58.98552967,78.362152,81.16032133
602.29248,52.15322767,59.90056467,58.95898167,78.24903067,81.20111333
602.632996,52.12730033,59.79937367,59.00629667,78.242203,81.05884033
602.97345,52.11571233,59.811667,59.06621833,78.07452167,81.04861667
603.313843,52.18197133,59.77634567,59.07002633,78.02231367,81.04417167
603.654175,52.20299033,59.69062033,59.06987,78.039383,81.01225033
603.994507,52.21310567,59.73874167,59.10980733,77.95374267,80.99876933
604.334778,52.22567233,59.68357833,59.190056,77.99234767,81.04224167
604.675049,52.220174,59.66517267,59.28063333,77.92287433,81.02514633
605.015259,52.26086567,59.670001,59.39116167,77.99942767,80.93065667
605.355347,52.26808933,59.64689633,59.37646333,78.078336,80.87372367
605.695435,52.355549,59.67054367,59.42063233,78.14562467,80.96117167
606.035461,52.383095,59.60044867,59.538658,78.098854,80.91470067
606.375488,52.401516,59.54303367,59.596082,78.123947,80.81399267
606.715454,52.42905067,59.58590467,59.61920933,78.18711867,80.79257467
607.05542,52.38459767,59.54126233,59.68396267,78.259071,80.82916267
607.395325,52.39049,59.47176867,59.69383133,78.22194667,80.72878533
607.735168,52.340197,59.33340333,59.74978133,78.24152133,80.63645667
608.074951,52.33413733,59.23807133,59.78302533,78.261149,80.49300133
608.414673,52.32459633,59.19600567,59.78227633,78.12641167,80.395607
608.754395,52.309775,59.142134,59.73363233,78.20743567,80.39357
609.094055,52.269515,59.13965333,59.739114,78.148435,80.36941767
609.433655,52.22727467,59.152092,59.71856167,78.20261933,80.312431
609.773315,52.28806833,59.17831567,59.59170767,78.11751033,80.36620567
610.112854,52.275364,59.087368,59.53161867,78.16973633,80.22162633
610.452332,52.24773567,59.112058,59.53586833,78.206126,80.16108967
610.791748,52.218043,59.13881433,59.540671,78.11619067,80.13771067
611.131165,52.256926,59.061044,59.53072733,78.242391,80.026052
611.47052,52.26314667,59.08873967,59.367616,78.162862,80.02506767
611.809753,52.21675,59.08766167,59.344818,78.17810067,79.87754067
612.149109,52.16520833,59.11330167,59.286209,78.201904,79.853325
612.488403,52.18616367,59.11126833,59.30757933,78.20370233,79.89961467
612.827515,52.186995,59.08653867,59.24745167,78.25055167,79.91871167
613.166626,52.19699967,59.20182667,59.073593,78.32215367,79.894475
613.505737,52.22718533,59.264258,59.07812733,78.32103967,79.922073
613.844849,52.23747,59.204657,58.99867733,78.23653633,80.04900633
614.183838,52.37214433,59.11989967,58.931189,78.278206,79.933052
614.522766,52.421927,59.29339733,58.828954,78.416514,80.00997433
614.861694,52.50565367,59.40125367,58.806183,78.450307,80.05341333
615.200623,52.52956,59.568479,58.874738,78.400581,80.20004533
615.539429,52.56849067,59.72457767,58.94372567,78.412323,80.33648933
615.878174,52.612774,59.875244,58.986477,78.39837933,80.37602467
616.21698,52.674267,59.815473,58.98330433,78.37554667,80.48119633
616.555664,52.77380267,59.908395,58.97445667,78.46365867,80.48462933
616.894287,52.77967333,59.99934167,58.98969033,78.52144333,80.47264633
617.23291,52.85915367,60.093857,59.011281,78.633489,80.677287
617.571472,52.909092,60.08280967,58.96293267,78.58658333,80.855306
617.910034,52.89410533,60.097894,59.03184033,78.81899033,80.926399
618.248535,52.83082933,60.13473367,58.994138,78.759913,81.01252
618.586975,52.836221,60.212467,59.04596333,78.83742033,80.996948
618.925293,52.86977267,60.29724133,59.01045333,78.81381767,81.08963533
619.263672,52.90076733,60.34323767,58.941878,78.79718267,81.19113667
619.60199,52.94634367,60.36451867,58.92331833,78.84385667,81.19772867
619.940247,52.88736633,60.561868,59.03679267,78.815094,81.179878
620.278442,52.89993567,60.56739433,59.08506367,78.740453,81.18302167
620.616638,52.869011,60.57276667,58.97081633,78.724747,81.366427
620.954773,52.82705833,60.67571267,59.01737867,78.77654267,81.28644833
621.292847,52.81964133,60.79679267,59.10860333,78.681938,81.253507
621.630859,52.754359,60.80426167,59.21853633,78.62172933,81.25371567
621.968872,52.72956567,60.908198,59.10533667,78.624552,81.25334933
622.306763,52.67728667,60.96092833,59.06900667,78.65312433,81.225873
622.644653,52.682902,60.95628367,59.03124,78.62551633,81.154625
622.982605,52.71282067,60.98296867,59.004697,78.53589633,81.20029967
623.320435,52.74119167,61.11592467,58.99459367,78.58343767,81.228915
623.658203,52.726831,61.09680567,58.887347,78.662028,81.14326467
623.995911,52.722239,61.154578,58.95297233,78.72816967,81.09871667
624.333618,52.636051,61.22260533,59.03585433,78.566142,81.065427
624.671204,52.61415233,61.29268267,59.010947,78.581548,81.00249967
625.00885,52.61309533,61.321237,58.984773,78.602318,80.97755167
625.346375,52.63410967,61.381865,59.045002,78.59700267,80.97350067
625.683899,52.56224733,61.52548633,59.05664833,78.55899067,80.88729833
626.021362,52.588777,61.558379,59.11612733,78.578603,80.969284
626.358765,52.57443,61.55706633,59.131518,78.57033533,80.94213867
626.696167,52.556015,61.64112467,59.11948367,78.47504933,80.844696
627.033447,52.54548,61.66181433,59.06976967,78.56897967,80.86562633
627.370728,52.605325,61.624472,59.11920667,78.51480867,80.81855267
627.708008,52.631523,61.603149,59.20886133,78.49625633,80.78835567
628.045166,52.63797767,61.56626133,59.21602,78.52034,80.76549533
628.382385,52.59138733,61.59752033,59.21981667,78.51016733,80.84676333
628.719421,52.59830867,61.73961033,59.18128467,78.49506133,80.90205367
629.056519,52.66428533,61.68569967,59.323522,78.50281567,80.90885933
629.393494,52.65824633,61.65192933,59.320886,78.60861967,80.85579167
629.730469,52.72497667,61.635334,59.35621267,78.58142333,80.95680233
630.067383,52.660572,61.66785833,59.34241833,78.62240133,80.82856
630.404297,52.58075967,61.583575,59.367692,78.59037533,80.811821
630.74115,52.56363567,61.596237,59.48435867,78.554202,80.95652767
631.077942,52.59204233,61.61007167,59.499212,78.52938333,81.005099
631.414673,52.659654,61.57963933,59.43769467,78.677091,80.96589133
631.751404,52.568737,61.583767,59.55945333,78.70239,80.91047667
632.088074,52.67307767,61.547375,59.48357533,78.669528,80.88743333
632.424622,52.70398067,61.568545,59.39422733,78.73982233,80.902003
632.761169,52.802836,61.44042833,59.405847,78.72171533,80.934077
633.097717,52.775431,61.43637733,59.41480667,78.78138967,80.83593767
633.434204,52.92004133,61.46964767,59.464363,78.77256033,80.79793033
633.770691,52.884913,61.429718,59.46198533,78.72823067,80.91165167
634.107056,52.95588933,61.36776233,59.48675267,78.68759667,80.88745867
634.443359,52.97944633,61.46896967,59.48621367,78.83108533,81.00180567
634.779663,52.97705867,61.494138,59.45546967,78.83259567,80.83751933
635.115906,52.979561,61.574744,59.49556,78.847272,80.8952
635.452087,53.025477,61.595919,59.463783,78.94927967,80.92131833
635.788269,53.05352167,61.43277733,59.483233,78.977384,80.92808033
636.12439,53.02349233,61.52514533,59.38136533,78.82633233,80.82536833
636.46051,53.10685467,61.610142,59.38834767,78.796954,80.83426167
636.796509,53.07853833,61.57913567,59.425312,78.97070567,80.81656133
637.132507,53.11732867,61.48474633,59.43865167,78.87758667,80.89974733
637.468445,53.14716967,61.60905567,59.503136,78.88950333,80.83524333
637.804321,53.12039667,61.60114567,59.56556033,78.82915733,80.737915
638.140198,53.12854667,61.51046633,59.59128467,78.944038,80.80915833
638.475952,53.140592,61.64665467,59.567439,78.82355533,80.84471867
638.811707,53.276372,61.67379667,59.457944,78.83363867,80.75095867
639.147461,53.16823067,61.804101,59.449154,78.85809833,80.65530933
639.483154,53.13281867,61.89496967,59.479647,78.77306633,80.580724
639.818726,53.135574,61.90194833,59.52145367,78.72668467,80.54159067
640.154358,53.17688767,61.93368933,59.44908033,78.61751033,80.514516
640.489868,52.96473967,61.960312,59.49456133,78.606954,80.63160167
640.825317,53.022986,61.92780567,59.46146,78.717326,80.66812133
641.160767,52.98588167,62.00155767,59.41074267,78.54092167,80.583862
641.496155,52.89410133,61.92373433,59.412585,78.39498367,80.53902667
641.831543,52.90828167,61.84323867,59.45417167,78.37990567,80.465052
642.16687,52.90003567,61.75948733,59.40039533,78.29375467,80.47180167
642.502136,52.81699733,61.651525,59.419336,78.29595967,80.34348567
642.837341,52.79605633,61.665995,59.43631367,78.29587067,80.234876
643.172485,52.802339,61.624209,59.44404367,78.53340133,80.244685
643.507568,52.71379367,61.46028267,59.54695033,78.45414,80.24654933
643.842651,52.60795733,61.50883233,59.46052533,78.264458,80.36005667
644.177673,52.644746,61.667066,59.431558,78.42886333,80.399849
644.512695,52.72580833,61.719237,59.35028567,78.545657,80.37435633
644.847656,52.735883,61.84716167,59.30423067,78.64793667,80.517555
645.182556,52.62805933,61.85423167,59.19207767,78.68197367,80.44633
645.517395,52.65361033,61.68744933,59.196176,78.65652967,80.52564
645.852173,52.66815167,61.62925067,59.24458167,78.67226933,80.69537367
646.186951,52.7786,61.62674467,59.236314,78.55506133,80.72095767
646.521667,52.845258,61.60679767,59.21314133,78.564972,80.70798467
646.856323,52.818981,61.54859033,59.27045933,78.51669567,80.76367167
647.190979,52.80844633,61.49287,59.31900167,78.52455667,80.92907433
647.525574,52.98177467,61.381653,59.22813033,78.43726333,80.89345333
647.860107,52.900149,61.46773567,59.253353,78.489281,80.859067
648.19458,52.864002,61.285066,59.281273,78.64853433,81.12810267
648.529053,52.99430567,61.318362,59.387666,78.80411533,81.18533067
648.863403,53.04488867,61.463253,59.494887,78.783175,81.398768
649.197754,53.188624,61.50983933,59.59160367,78.75886533,81.51869967
649.532043,53.24443567,61.63725033,59.62148667,78.72032667,81.58413733
649.866333,53.37201933,61.61172467,59.59115967,78.77560433,81.772031
650.2005,53.34520833,61.61652233,59.68220367,78.66833733,81.844818
650.534729,53.35870867,61.67987833,59.79888067,78.725782,81.84667967
650.868774,53.39626333,61.67905433,59.87409867,78.97078933,81.79424267
651.202942,53.42555,61.68615233,59.89008967,78.887599,81.94349667
651.536926,53.30864967,61.48728433,59.79427333,78.95001233,82.04185233
651.87085,53.40513733,61.31787867,59.76910133,78.96528367,81.98748533
652.204834,53.46836367,61.36277,59.89495733,78.90640767,82.01938367
652.538757,53.38790267,61.376629,59.97852333,79.03768933,81.958031
652.87262,53.329474,61.53915267,60.04797133,79.016843,81.941925
653.20636,53.262506,61.46042267,60.229693,79.08986433,82.03200033
653.540161,53.31456267,61.320858,60.25846367,79.25144233,82.108696
653.87384,53.364264,61.41429767,60.14887633,79.30451167,82.12026733
654.20752,53.37880567,61.295447,60.19354,79.46967833,81.871333
654.541077,53.32537467,61.326894,60.24099867,79.524686,81.774124
654.874695,53.29288333,61.324917,60.28845367,79.46656267,81.82294233
655.208252,53.38730367,61.42265067,60.257122,79.54363767,81.448476
655.541687,53.28595267,61.40053033,60.08662533,79.52612067,81.29343667
655.875122,53.225844,61.343155,60.10309367,79.455419,81.030937
656.208496,53.121404,61.45403567,60.06829933,79.70211,80.83864867
656.541809,53.06043633,61.44745,60.117414,79.64316567,80.669215
656.875122,52.960803,61.52081433,60.152602,79.507248,80.550364
657.208374,53.008546,61.455148,60.13683733,79.43326567,80.53784667
657.541626,52.99768933,61.409359,60.028881,79.38802567,80.678154
657.874817,52.969339,61.35316067,60.019456,79.24784833,80.58806333
658.207947,52.92884333,61.207039,60.0286,79.349757,80.50103533
658.540955,53.039617,61.28366867,60.28824733,79.206446,80.43273433
658.873962,52.98446633,61.26232767,60.33456933,79.09771467,80.55459333
659.206909,52.95502867,61.184194,60.24230167,79.126994,80.519231
659.539856,52.98468,61.095585,60.307827,79.320544,80.454572
659.872742,53.02137233,61.06688433,60.362906,79.38134533,80.29907467
660.205566,53.03936133,61.06940967,60.29328633,79.50971733,80.38776133
660.538391,53.094818,61.029214,60.39141333,79.52204633,80.48706833
660.871155,53.09270733,61.022675,60.45553067,79.62443833,80.54426033
661.203796,53.12785333,61.06607167,60.44586033,79.588473,80.643112
661.536438,53.13797267,61.149648,60.39792633,79.63975533,80.76374067
661.86908,53.266987,61.092434,60.30463567,79.66406233,80.708725
662.201599,53.15800967,61.129832,60.297568,79.51738767,80.89829
662.534119,53.16731367,61.18475467,60.43517567,79.40883367,81.14673867
662.866577,53.29522333,61.174895,60.35662567,79.58514633,81.36852267
663.199036,53.36590467,61.14075967,60.30476733,79.375768,81.435117
663.531372,53.500749,61.04395933,60.22092433,79.45840967,81.697037
663.863708,53.50058733,60.916279,60.262407,79.65645367,81.709315
664.195923,53.51640567,60.88426467,60.21493533,79.697136,81.66634133
664.528198,53.57110467,61.01179633,60.23673,79.729459,81.58391567
664.860352,53.543166,61.069785,60.255661,79.598559,81.63870233
665.192505,53.54136667,61.16966133,60.241272,79.72235867,81.575689
665.524658,53.577086,61.240875,60.14053233,79.80337533,81.74914067
665.856689,53.64820333,61.355165,60.151751,79.94916533,81.51900467
666.188721,53.75970567,61.44146867,60.20557167,79.91385933,81.45899933
666.52063,53.804189,61.61110667,60.1256,79.78134667,81.529157
666.852478,53.86406833,61.568775,59.945367,79.85616833,81.619044
667.184387,53.90931733,61.53910567,59.922245,79.71334567,81.60265333
667.516174,53.824567,61.62575433,59.900702,79.53288533,81.48052467
667.8479,53.74110933,61.59268167,59.95374933,79.60007467,81.51540633
668.179688,53.78562667,61.77703633,59.92017367,79.47035733,81.54689267
668.511353,53.765058,61.85299667,60.03116367,79.43738567,81.553047
668.843018,53.76011533,61.905888,60.22968533,79.49726867,81.50367733
669.1745,53.84702067,61.83169067,60.34736633,79.47166167,81.39768433
669.506104,53.81925567,61.80958933,60.29660533,79.639094,81.26882167
669.837524,53.75195833,61.976106,60.24742767,79.383255,81.16245533
670.169006,53.739161,61.89304733,60.260012,79.46978,81.21866133
670.500366,53.68757267,62.18483233,60.37493767,79.433782,81.16130333
670.831787,53.794193,62.195826,60.26365533,79.23137167,81.26941967
671.163086,53.877491,62.38672267,60.178009,79.280314,81.44114167
671.494324,53.91542833,62.391665,60.07560467,79.299769,81.450124
671.8255,54.10324233,62.40325933,60.13391733,79.529147,81.47101867
672.156616,54.14602033,62.505824,60.146716,79.39621767,81.55590067
672.487732,54.072596,62.399569,60.187284,79.37825533,81.451424
672.818848,54.041414,62.37419633,60.12525933,79.20305633,81.57036333
673.149841,54.13201033,62.32365267,60.18464267,79.14899433,81.54332233
673.480835,54.182748,62.29458233,60.17954,79.14314267,81.490687
673.811768,54.20751833,62.280446,60.17604933,78.90558867,81.56097167
674.142639,54.23212533,62.44913767,60.224284,78.838117,81.51641867
674.47345,54.225427,62.43109367,60.21347933,78.853569,81.66915633
674.80426,54.29308567,62.39791367,60.06918833,78.84504967,81.58062233
675.134949,54.27566267,62.12982933,60.03650033,78.98759467,81.61966967
675.465698,54.36618933,61.94196667,59.90845367,79.01797767,81.547788
675.796326,54.43345667,61.97667933,59.843961,79.01276167,81.64465333
676.126953,54.52313,62.011561,59.753076,79.09467033,81.74749233
676.457458,54.560754,61.99833567,59.62368133,78.97375233,81.56566367
676.787964,54.66057467,61.83715567,59.62505067,79.05561033,81.633321
677.118408,54.65804667,61.83993133,59.698429,79.04939267,81.339691
677.448853,54.76242067,61.56884533,59.59977833,79.08536,81.29043333
677.779175,54.81606267,61.640287,59.64745467,79.07211067,81.19854
678.109558,54.77928167,61.56273033,59.76447667,79.05705267,81.04016867
678.439758,54.82023,61.538516,59.805397,79.12439733,80.905688
678.77002,54.806413,61.560511,59.70421467,79.05677267,80.94632233
679.100159,54.867373,61.48857533,59.74465967,78.992045,80.88083133
679.430298,54.834985,61.51619433,59.52014667,79.06928467,80.85059367
679.760376,54.920531,61.53773133,59.526633,79.112836,80.720599
680.090393,54.885868,61.433398,59.395288,79.19054167,80.88804633
680.42041,54.89918533,61.51286433,59.406582,79.20005767,80.95874033
680.750305,54.75078067,61.44720967,59.51466233,79.28085567,80.85561367
681.0802,54.771704,61.26173433,59.45871833,79.29884833,80.845286
681.410034,54.810912,61.294731,59.413756,79.30892167,80.80995933
681.739807,54.93498233,61.36122033,59.46351367,79.15859233,80.71051033
682.06958,54.91311867,61.46548833,59.50413267,79.04073067,80.62352233
682.399292,54.81830333,61.49971,59.674872,78.956772,80.657107
682.728943,54.71126033,61.417281,59.698142,78.896146,80.511523
683.058594,54.71146,61.45506667,59.642797,78.875862,80.56201933
683.388123,54.770059,61.438015,59.79076633,78.88911433,80.77468333
683.71759,54.7332,61.472885,59.840107,78.962667,80.68653867
684.047058,54.76484533,61.38640967,59.73810067,78.94928267,80.74270867
684.376465,54.76252767,61.38329567,59.777284,78.99017367,80.69612633
684.705811,54.70173633,61.36404267,59.84269967,79.22249367,80.75314067
685.035095,54.701206,61.42306667,59.80662267,79.26901,80.964689
685.36438,54.68242867,61.32056167,59.83548233,79.16598533,81.15713
685.693665,54.601348,61.29195033,59.90966667,79.23247267,81.13134233
686.022888,54.52522267,61.17487733,59.88232433,79.38470733,81.148702
686.351929,54.58363833,61.21480333,60.05393867,79.34915367,81.25026433
686.68103,54.47363433,61.214335,60.126207,79.39021067,81.216662
687.010071,54.470192,61.36196,60.21724467,79.28745,81.19426733
687.33905,54.35270567,61.16869733,60.18854767,79.32227833,81.17383333
687.66803,54.40722667,61.13785033,60.12425367,79.36926767,81.22835067
687.996887,54.39876933,61.22454433,60.19509367,79.36223867,81.18748733
688.325745,54.39633033,61.264379,60.13974733,79.350357,81.273707
688.654602,54.32629367,61.17386633,60.162622,79.51698533,81.326467
688.983276,54.33338167,61.32165267,60.24066533,79.63828033,81.483381
689.312012,54.32571133,61.29124567,60.14890667,79.73167667,81.55076833
689.640625,54.412164,61.24346033,60.171533,79.627754,81.72805533
689.969238,54.43892433,61.215005,60.24859867,79.75468967,81.63103233
690.297791,54.35023233,61.24352633,60.261448,79.71882367,81.54490167
690.626282,54.29803567,61.32737467,60.23861667,79.78956333,81.60353833
690.954834,54.23098633,61.348738,60.36913933,79.749003,81.76573467
691.283203,54.27623267,61.34760933,60.32936233,79.77077967,81.841451
691.611572,54.269146,61.236225,60.30769833,79.768974,81.72665933
691.93988,54.17188533,61.12630333,60.30203767,79.89598833,81.54979967
692.268127,54.125707,61.30733,60.35281233,79.83508767,81.54178367
692.596375,54.116984,61.20746,60.267981,79.79451533,81.50959
692.9245,54.25911833,61.28035733,60.272116,79.66551733,81.662763
693.252625,54.232474,61.384299,60.368726,79.67857867,81.47701
693.58075,54.30844733,61.27302267,60.30569733,79.850713,81.63560733
693.908813,54.24065233,61.215604,60.246367,79.92729933,81.64921833
694.236755,54.30913533,61.39846533,60.288156,79.76177467,81.56690967
694.564697,54.34566633,61.51331967,60.28215133,79.709132,81.45025633
694.892517,54.31514367,61.54832433,60.15832533,79.78111767,81.36787167
695.220398,54.23669833,61.46978,60.31908933,79.85802967,81.204511
695.548157,54.23288467,61.63720967,60.282426,79.69547267,81.175087
695.875916,54.19377767,61.39514767,60.13454567,79.659378,81.01304133
696.203613,54.266908,61.29458733,60.14468767,79.87164067,80.790324
696.531311,54.178257,61.27409133,60.128522,80.01631933,80.92670467
696.858887,54.149119,61.335552,60.13309733,79.88455967,81.08864067
697.186401,54.11765133,61.21141433,60.125453,79.94306967,81.11052733
697.513916,54.16038367,61.116122,60.08943967,79.92952733,81.22737633
697.84137,54.187721,61.13602567,59.99311967,79.904719,81.15457133
698.168762,54.11695233,61.30799,60.03806333,79.88702633,81.082868
698.496155,54.145958,61.33625133,60.04272367,79.763204,81.133278
698.823486,54.17597967,61.23791367,60.032443,79.63757567,81.305252
699.150757,54.21291333,61.20967733,59.96709667,79.61929067,81.212672
699.477905,54.30971033,61.383667,59.975419,79.67667633,81.19468167
699.805054,54.19519567,61.256054,59.980287,79.616608,81.19497667
700.132202,54.16561733,61.15700033,59.98633967,79.53246067,81.31161233
