wl,NpBW1.WY,NpBW2.WY,NpBW3.WY,NpSY1.WY,NpSY2.Y
300.031616,39.261486,15.625074,12.35259267,26.32579833,10.89967167
300.402832,39.54376433,15.48855767,12.21369867,26.370704,10.97674433
300.773987,39.73812333,15.412492,12.09295733,26.46127967,11.04978133
301.145111,39.93365433,15.283591,11.99594567,26.56999033,11.10939733
301.516174,40.223961,15.08218067,11.864393,26.55032467,11.16152333
301.887207,40.46758667,14.87637833,11.71009933,26.610164,11.17708
302.258301,40.71913833,14.73151667,11.51500233,26.63459567,11.24495967
302.629303,40.96422,14.56381767,11.387609,26.65581633,11.26692933
303.000305,41.130624,14.54821933,11.32881233,26.65698767,11.25387167
303.371216,41.30115067,14.42549733,11.27481767,26.68311233,11.31623167
303.742126,41.402778,14.21354967,11.17334833,26.63233633,11.365465
304.113037,41.43328233,14.11747333,11.13532267,26.57091833,11.36500267
304.483856,41.57006,13.94709133,11.00256233,26.503802,11.366145
304.854736,41.61173833,13.801031,10.81964767,26.399488,11.339018
305.225525,41.66724367,13.69794067,10.70134367,26.29533433,11.24783633
305.596283,41.68789667,13.50616967,10.566373,26.17487767,11.17159067
305.967041,41.79006633,13.34552333,10.45669967,25.98461467,11.09589833
306.337769,41.751882,13.13816833,10.26861467,25.85064567,11.09691533
306.708405,41.64617933,12.99115333,10.162356,25.756644,11.033768
307.079071,41.756496,12.82728033,9.956608667,25.63782367,11.072008
307.449677,41.662361,12.62898033,9.742133,25.51442767,10.95976633
307.820313,41.701621,12.529287,9.665410333,25.417116,10.90320533
308.190857,41.61886933,12.42033967,9.610211,25.37161067,10.91610133
308.561401,41.66245467,12.23316933,9.491765,25.274518,10.88501067
308.931915,41.64529433,12.074264,9.375373667,25.16814667,10.79776067
309.302399,41.63476067,11.89275,9.222110667,25.04879,10.74479933
309.672821,41.71801067,11.81932333,9.072475333,24.94601333,10.724417
310.043243,41.616034,11.66182367,8.942021333,24.852459,10.712504
310.413635,41.629165,11.54537067,8.841957333,24.737743,10.73248733
310.784027,41.56965267,11.34990267,8.752029333,24.612493,10.69208533
311.154327,41.49213867,11.23200467,8.642016333,24.493109,10.65412233
311.524628,41.41842067,11.172544,8.570498,24.33294467,10.60396233
311.894928,41.412796,11.09055667,8.442173,24.25305233,10.543502
312.265167,41.30989633,11.05350767,8.340257667,24.06471767,10.579942
312.635345,41.26965967,10.94762833,8.292536,24.012857,10.58494967
313.005524,41.31403967,10.83414867,8.215154667,24.000469,10.645597
313.375671,41.29075867,10.81256033,8.1042,23.91996267,10.633262
313.745819,41.30473467,10.69978933,8.025581667,23.89999033,10.63659367
314.115906,41.29484733,10.589253,7.963442,23.93042933,10.541897
314.485962,41.27443367,10.419471,7.865809,23.83664367,10.538194
314.855988,41.15001233,10.318931,7.862696333,23.86166233,10.49214367
315.225983,41.10876967,10.32535267,7.875134667,23.805014,10.46434733
315.595947,41.024186,10.19719867,7.85894,23.75162167,10.44163033
315.965912,40.96045767,10.06483433,7.787303667,23.752779,10.46370267
316.335815,40.86927167,10.04735933,7.702881333,23.71369633,10.49163867
316.705688,40.841113,10.03896633,7.779459,23.622638,10.512259
317.075562,40.68886833,10.11040767,7.855239333,23.575274,10.58544733
317.445374,40.57871,10.11595133,7.945299,23.50483933,10.636678
317.815216,40.51409467,10.12384933,7.920076,23.51671933,10.59801933
318.184967,40.412773,10.18500467,7.984231333,23.42612933,10.43427267
318.554688,40.33576433,10.16588467,7.96903,23.407238,10.455186
318.924377,40.324412,10.06546767,7.903619667,23.37413633,10.49304433
319.294037,40.31396567,9.965162667,7.898296,23.33863267,10.45264367
319.663696,40.189103,9.891846,7.936155,23.23801667,10.42497433
320.033295,40.15417933,9.868950333,7.998618333,23.288272,10.26901633
320.402924,40.18520533,9.869215333,7.995396,23.254486,10.172525
320.772461,40.025039,9.900060667,8.046808,23.084827,10.158989
321.141968,39.96181133,9.921258667,8.131516667,23.016002,10.16733033
321.511475,39.91253467,10.00528367,8.149286,23.05054067,10.149294
321.88092,39.84370767,10.12297233,8.234656667,22.91725667,10.192541
322.250366,39.890003,10.243286,8.272531667,22.95040633,10.201265
322.619751,39.805435,10.28553233,8.219629333,22.813769,10.180657
322.989136,39.837399,10.278975,8.251579,22.80160367,10.12944567
323.35849,39.77725267,10.447148,8.225836667,22.69111967,10.11015033
323.727814,39.745011,10.48022767,8.264036667,22.61222233,10.03426067
324.097107,39.77420867,10.49758733,8.374841,22.55427533,9.948152667
324.466339,39.66349333,10.50964067,8.322833333,22.54697667,9.948861667
324.835541,39.68047067,10.47917,8.269829333,22.51353967,9.936433667
325.204712,39.63045733,10.537993,8.380384667,22.47685433,10.00221667
325.573914,39.56466467,10.66515067,8.437035333,22.363115,10.02531033
325.943024,39.49320833,10.757439,8.417115333,22.418057,10.19863267
326.312164,39.48553167,10.83143233,8.491864333,22.427725,10.19534833
326.681244,39.48160867,10.97218667,8.536084,22.497083,10.15909433
327.050262,39.482798,11.10602533,8.571267333,22.51781967,10.17781233
327.41925,39.55685233,11.16560733,8.599662667,22.610298,10.240618
327.788239,39.560294,11.287383,8.546634333,22.61797267,10.35419467
328.157166,39.48902267,11.32467567,8.629769667,22.67760867,10.38357367
328.526123,39.52693667,11.45000133,8.667425667,22.712647,10.29697367
328.894989,39.39435667,11.49915733,8.734123,22.771162,10.21937033
329.263885,39.35553167,11.57724,8.812298667,22.80652333,10.19608267
329.63269,39.26844733,11.589057,8.865345,22.81998767,10.16596767
330.001495,39.05367067,11.714991,8.998887333,22.76360733,10.17979333
330.37027,39.04743233,11.771413,9.138783333,22.76849233,10.220385
330.738983,38.98961033,11.88585967,9.163409333,22.764323,10.245567
331.107697,39.019753,11.90776067,9.325294,22.858296,10.27594267
331.476379,39.07575033,12.08463633,9.362691,22.93931033,10.28199933
331.845032,39.073138,12.21020133,9.362609,22.98846,10.34430033
332.213654,39.17398267,12.26526633,9.370417667,22.991066,10.30791533
332.582245,39.193758,12.33853733,9.507468667,23.067814,10.22976733
332.950806,39.22884833,12.37150533,9.483800667,23.14362033,10.14906767
333.319305,39.242917,12.347027,9.542106333,23.16718867,10.188667
333.687775,39.32679467,12.31540933,9.563881,23.08614333,10.11961667
334.056244,39.37855067,12.29208433,9.586001667,23.032104,10.12626533
334.424683,39.37060867,12.299395,9.611388667,22.94309733,10.130474
334.793091,39.28405067,12.33547367,9.657317667,22.855522,10.12292467
335.161499,39.26330033,12.35488333,9.699508667,22.74414033,10.08064633
335.529785,39.22247567,12.392999,9.801848333,22.74856067,10.08167867
335.898132,39.14826167,12.46692467,9.782172333,22.75709467,10.15056467
336.266388,39.034856,12.43064067,9.782206667,22.77765333,10.21336833
336.634613,39.14029767,12.49378933,9.842317,22.80334767,10.31260333
337.002838,39.105279,12.452532,9.813663667,22.76295833,10.320859
337.371033,39.16436067,12.478492,9.804247,22.79116267,10.30575933
337.739197,39.25456567,12.406629,9.714203667,22.86342133,10.240248
338.10733,39.25971933,12.46452,9.68487,22.924629,10.18499067
338.475433,39.26482067,12.40909733,9.671557333,22.88172767,10.191862
338.843475,39.19727067,12.352473,9.538873667,22.86585567,10.195831
339.211517,39.172762,12.22504533,9.492128,22.80154,10.29954133
339.579498,39.087688,12.13611667,9.459407667,22.75831733,10.299968
339.947449,39.03850467,12.15287567,9.425983667,22.748347,10.27486267
340.31543,38.97139433,12.16661033,9.306268333,22.75414667,10.234231
340.683289,38.91420933,12.163313,9.251065,22.73450467,10.24543667
341.051208,38.82761067,12.186767,9.223999,22.72261767,10.18259567
341.419067,38.73960033,12.20459,9.211629333,22.72488933,10.19750367
341.786865,38.59812433,12.271182,9.177409,22.70540867,10.18590133
342.154663,38.56683133,12.363745,9.260043667,22.700508,10.23352567
342.522369,38.52070667,12.274639,9.249945667,22.85926533,10.221915
342.890076,38.477243,12.312046,9.180974,22.96388067,10.20726133
343.257813,38.431888,12.284424,9.120366667,23.00343433,10.13153667
343.625458,38.47098333,12.244279,9.191977,22.90135333,9.993111333
343.993134,38.583101,12.236245,9.173390667,22.838595,9.865583667
344.360718,38.572521,12.24419,9.115287667,22.79823433,9.895260667
344.728271,38.56220167,12.295286,9.133390667,22.72767,9.854934333
345.095795,38.58454867,12.376821,9.227847,22.659888,9.862154333
345.463287,38.60605133,12.34669033,9.284361,22.60734367,9.900032333
345.83075,38.51633233,12.34591467,9.309877,22.51052533,9.921092667
346.198212,38.59658733,12.436528,9.357486667,22.49083333,9.869178667
346.565613,38.58144767,12.46419833,9.456232333,22.419994,9.917729
346.933014,38.56650367,12.54411767,9.418736333,22.38487233,9.839326333
347.300354,38.64006367,12.62304533,9.548836,22.35709433,9.783768
347.667694,38.63874833,12.657843,9.638107667,22.30941667,9.839217333
348.034973,38.65097433,12.612989,9.672844333,22.24203333,9.860166
348.402222,38.6432,12.60524867,9.665387,22.21419367,9.887002667
348.769409,38.707925,12.57885133,9.618612667,22.246406,9.900017
349.136627,38.71986633,12.56679467,9.668816,22.216829,9.864283333
349.503784,38.728401,12.59478167,9.740816,22.258825,9.935545
349.870911,38.71828233,12.573403,9.707504,22.20166467,9.913011333
350.238007,38.699991,12.718438,9.696125667,22.13388733,9.947584
350.605072,38.68643367,12.74232367,9.728281333,22.09210167,9.924156667
350.972107,38.628353,12.75302267,9.77714,22.11652233,9.960429333
351.339111,38.58108967,12.80289733,9.725224,22.11562267,10.039092
351.706085,38.56200933,12.838127,9.808655667,22.11838667,10.134995
352.073029,38.45423433,12.81609467,9.816299,22.113617,10.08452133
352.439972,38.441141,12.834065,9.795179667,22.158692,10.08365833
352.806824,38.424666,12.837406,9.704890333,22.152639,10.08889133
353.173676,38.39834933,12.89417967,9.685964,22.124287,10.094357
353.540466,38.39209867,12.871848,9.685818333,22.10496,10.123035
353.907257,38.270445,12.878471,9.710597667,22.14047633,10.17018267
354.273987,38.29017767,12.94413,9.705346,22.17373833,10.09898733
354.640747,38.27131233,12.95329333,9.853388,22.22123367,10.06272367
355.007446,38.156355,12.94295667,9.804284667,22.26408133,10.04449033
355.374115,38.105714,13.003047,9.87035,22.298303,10.000243
355.740723,38.029033,13.062968,9.959072333,22.29120267,10.08340567
356.1073,38.007519,13.11754767,10.01931167,22.31679133,10.09306
356.473846,38.008496,13.18884933,10.11563433,22.23821667,10.07752933
356.840393,37.987131,13.255554,10.146856,22.29572333,10.10627967
357.206879,37.945142,13.291248,10.160027,22.305287,10.061598
357.573364,37.90306033,13.32236533,10.24831933,22.293381,10.05733567
357.939789,37.98096367,13.38764333,10.340724,22.26277267,10.02503533
358.306213,37.98770567,13.47550567,10.44376633,22.21239767,10.06674267
358.672577,38.08115133,13.52132,10.51678833,22.191874,10.090816
359.03891,38.08024033,13.56166233,10.62479767,22.209414,10.137104
359.405212,38.076871,13.64062967,10.67727633,22.224899,10.20214667
359.771484,38.11863233,13.697455,10.75144967,22.23891267,10.21369167
360.137695,38.156369,13.80143267,10.88142567,22.25043467,10.26905333
360.503937,38.13695367,13.86090733,10.97937133,22.28752267,10.332301
360.870148,38.15771167,13.944683,11.083748,22.34527133,10.358539
361.236298,38.201345,14.064812,11.21644667,22.41762333,10.39503367
361.602417,38.28399767,14.16323867,11.327452,22.435771,10.397252
361.968475,38.283069,14.26190333,11.43993767,22.41912033,10.50399967
362.334503,38.33927433,14.36904767,11.49907467,22.43213767,10.60271233
362.700562,38.404593,14.470526,11.56603,22.436471,10.755996
363.066528,38.48958133,14.52388133,11.59766267,22.45832433,10.772567
363.432526,38.59698867,14.649822,11.70133767,22.54154333,10.71725367
363.798431,38.69675967,14.741971,11.81347267,22.57088833,10.76238967
364.164337,38.759035,14.82877767,11.88803667,22.64698733,10.84561767
364.530182,38.86952067,14.92413333,12.031178,22.67534667,10.853911
364.895996,38.95609533,15.03251233,12.16424767,22.74496967,10.91779433
365.26181,39.077495,15.13446833,12.234489,22.87952867,11.00908033
365.627563,39.089451,15.26551967,12.38457833,22.940406,11.14903567
365.993286,39.076229,15.329592,12.55811667,23.118493,11.25765733
366.359009,39.06937467,15.56220067,12.740535,23.21344333,11.321116
366.72467,39.13480633,15.717708,12.854085,23.36490167,11.36383833
367.090302,39.196347,15.82153667,12.94511233,23.49746167,11.35282167
367.455902,39.33422767,16.03532533,13.05656333,23.61812967,11.40008833
367.821503,39.34875967,16.20982233,13.12322,23.72330267,11.40642767
368.187012,39.41573133,16.40529567,13.26567733,23.814521,11.47069167
368.552521,39.39370333,16.60784633,13.33051467,23.898883,11.508631
368.917999,39.48510167,16.76871467,13.455771,24.01742333,11.49059267
369.283447,39.49016933,16.91021833,13.607907,24.01824733,11.555698
369.648865,39.609809,17.061196,13.75348167,24.21892,11.54186133
370.014282,39.64351833,17.231468,13.87843133,24.32295167,11.578993
370.379608,39.79050567,17.402628,14.07530433,24.421279,11.541604
370.744904,39.79487667,17.596624,14.22686,24.532173,11.61694467
371.110168,39.75123167,17.77959133,14.29009267,24.60923567,11.65617067
371.475403,39.749483,17.94576633,14.41944567,24.68246633,11.64598267
371.840637,39.746782,18.114161,14.60481767,24.760305,11.636144
372.205841,39.65006267,18.27412033,14.70421467,24.87277167,11.72559233
372.570984,39.652941,18.494234,14.86483633,24.934588,11.70953933
372.936127,39.60592967,18.72517833,15.11359633,25.032608,11.70886967
373.301208,39.64034133,18.91810267,15.29960367,25.16669133,11.697798
373.66626,39.77625633,19.15795667,15.43346,25.229563,11.70139467
374.03125,39.843595,19.364779,15.58056333,25.19133167,11.74903567
374.39624,39.96107667,19.58476167,15.782824,25.240385,11.79509667
374.7612,39.979558,19.836743,16.01535367,25.19894667,11.89961367
375.12616,39.898117,19.99143367,16.21742367,25.23574067,11.95708167
375.491028,39.92249,20.119369,16.43806067,25.31757233,12.075791
375.855927,39.83103633,20.24562233,16.604673,25.456335,12.07904867
376.220734,39.87306467,20.39559,16.806612,25.507206,12.16705167
376.585541,39.785933,20.59592067,16.93107833,25.56502067,12.201547
376.950287,39.76055233,20.81983067,16.99440333,25.728264,12.22869033
377.315002,39.685527,20.98803967,17.11417333,25.74322867,12.282709
377.679688,39.59805233,21.19057667,17.30469367,25.823362,12.30888967
378.044373,39.54289533,21.36545133,17.52095467,25.902087,12.373156
378.408997,39.53835367,21.53041033,17.69075233,25.973224,12.477605
378.773621,39.56084433,21.64329667,17.89065533,26.03468033,12.56647133
379.138184,39.61768567,21.877674,18.04995633,26.16278333,12.602115
379.502716,39.61053733,22.069568,18.18899033,26.246566,12.65839733
379.867188,39.65577,22.27819567,18.371427,26.35243367,12.683468
380.231659,39.731366,22.39965867,18.493109,26.45070833,12.716934
380.5961,39.747586,22.58381433,18.62364133,26.490096,12.77110567
380.96051,39.75697567,22.72357167,18.718128,26.569891,12.80895333
381.324921,39.69491,22.92363233,18.88014167,26.69657767,12.93609
381.68924,39.69771467,23.08555533,19.06513667,26.87570833,12.954811
382.053528,39.57816967,23.32269567,19.249246,27.005146,13.05049767
382.417816,39.641666,23.529694,19.417579,27.25489933,13.10400867
382.782013,39.66287733,23.666392,19.55656433,27.402245,13.16228133
383.14621,39.62678067,23.906604,19.67232533,27.50260233,13.16670667
383.510406,39.727604,24.036356,19.84382367,27.54909267,13.2109
383.874542,39.766342,24.22159333,19.98698667,27.648746,13.24709133
384.238678,39.89401833,24.36072433,20.16922267,27.75224933,13.29580933
384.602753,39.97988333,24.47140367,20.32831067,27.878802,13.381513
384.966766,40.02276367,24.654482,20.480833,28.01946433,13.400049
385.33078,40.11707933,24.758916,20.598088,28.094593,13.40503133
385.694763,40.15444233,24.90715467,20.65014867,28.15531033,13.38250733
386.058685,40.176553,25.10260733,20.74331667,28.22715867,13.436009
386.422607,40.13805567,25.236168,20.89582467,28.32784133,13.49055267
386.786499,40.11383667,25.32236433,21.12146967,28.39358,13.575397
387.15036,40.126575,25.51734733,21.27634433,28.478068,13.654968
387.51413,40.123632,25.68440167,21.430946,28.52535,13.776041
387.87793,40.17316167,25.891887,21.62553533,28.66301167,13.87979767
388.241669,40.21521433,26.08090867,21.77456967,28.839499,13.88709233
388.605377,40.31653633,26.350601,21.987353,29.017258,13.98633833
388.969025,40.418497,26.636289,22.18117733,29.079237,13.978398
389.332703,40.433452,26.77636133,22.300141,29.18955167,14.12562633
389.69632,40.49856867,26.935203,22.44464667,29.286008,14.16857467
390.059875,40.46877967,27.059825,22.59062,29.410951,14.17508833
390.423431,40.529999,27.26241733,22.72699933,29.54618633,14.20591033
390.786957,40.58727467,27.37371567,22.90211667,29.62525233,14.298462
391.150421,40.600146,27.624619,23.01217933,29.78987033,14.329029
391.513855,40.642533,27.80011733,23.131702,29.96494533,14.337188
391.877228,40.64443967,27.92171967,23.28259167,30.132841,14.41608767
392.240631,40.62893833,28.13435067,23.48997067,30.21692967,14.50316733
392.604004,40.63752333,28.29560333,23.66434233,30.35757933,14.61532
392.967316,40.70593133,28.50848133,23.819157,30.54108933,14.69371933
393.330597,40.67390867,28.726151,23.96578267,30.72531433,14.80348433
393.693848,40.71650267,28.895526,24.20252967,30.92846233,14.828668
394.057037,40.87537267,29.18337367,24.35195867,31.11076933,14.91423667
394.420197,40.90934,29.39351333,24.46652467,31.269076,14.987398
394.783325,40.98320967,29.57951633,24.67181267,31.48367467,15.024471
395.146484,41.04976467,29.81665833,24.81902833,31.695965,15.013651
395.509552,41.08194433,30.033655,24.982331,31.856118,15.04244833
395.87262,41.15093867,30.270305,25.127753,32.04877833,15.13369
396.235596,41.18008033,30.44867967,25.290277,32.24417033,15.183642
396.598572,41.23640833,30.57718733,25.473663,32.45097333,15.266237
396.961517,41.34756533,30.85422,25.684794,32.650979,15.32490233
397.324432,41.42105633,31.04856933,25.90676767,32.85618967,15.35813933
397.687286,41.48263233,31.372046,26.12421333,33.070369,15.45535033
398.05014,41.53941833,31.675262,26.31529167,33.21151133,15.55910133
398.412964,41.599984,31.906083,26.505783,33.43265567,15.570653
398.775757,41.62484867,32.18180933,26.748781,33.61135533,15.71829967
399.138489,41.66467467,32.42920833,27.042855,33.76254633,15.83459667
399.50119,41.722084,32.76818067,27.22612,34.018687,15.877601
399.863861,41.77818633,32.967729,27.46608033,34.31632433,15.92485233
400.226471,41.851376,33.281228,27.62435267,34.594398,15.95659667
400.589081,41.77788933,33.53309933,27.78144933,34.78449067,15.998499
400.951691,41.83814633,33.79218333,28.03513067,34.99249267,16.054081
401.314209,41.86467867,33.98987067,28.26199833,35.175932,16.08676467
401.676758,41.897516,34.18211267,28.47785633,35.406679,16.10420367
402.039185,41.94799967,34.41771333,28.710289,35.62713867,16.133448
402.401642,41.98425667,34.621984,28.89029267,35.83030067,16.26284733
402.764038,41.991361,34.85242733,29.098512,36.065089,16.382508
403.126404,42.01536933,35.133564,29.30474967,36.309435,16.45553967
403.488739,42.02480933,35.30317067,29.52676367,36.53839233,16.574755
403.851074,42.04513433,35.52518067,29.69812333,36.75225633,16.667862
404.213348,42.030449,35.729224,29.861093,36.980244,16.78338467
404.575592,42.03353267,35.96191933,30.09468333,37.22649267,16.83258033
404.937775,42.00629667,36.21093233,30.279441,37.49892233,16.92021133
405.299927,41.996535,36.35919567,30.526037,37.711347,16.99750367
405.662048,42.05340733,36.53665033,30.78235133,37.954703,17.10044333
406.024139,42.050926,36.80245567,31.032543,38.233467,17.20353633
406.3862,42.08387733,37.00793433,31.26539533,38.54122233,17.26924167
406.74826,42.104028,37.25658533,31.47254133,38.92340533,17.33612033
407.11026,42.09450033,37.50650633,31.68465633,39.13109933,17.44756167
407.47226,42.14435067,37.79804333,31.87510167,39.36051133,17.52489333
407.834167,42.117339,38.00830233,32.15736767,39.60040333,17.62202433
408.196075,42.18366767,38.244358,32.43179033,39.92117967,17.76072567
408.557892,42.24941133,38.491778,32.631373,40.16020767,17.874168
408.919739,42.28388733,38.847893,32.80103933,40.46438467,17.98635833
409.281494,42.23495133,39.145391,32.998651,40.719675,18.09403467
409.64328,42.24953567,39.49695833,33.171594,41.04292367,18.199813
410.005035,42.277818,39.812589,33.464974,41.25275867,18.20940367
410.36673,42.373169,40.03559,33.74478,41.51950067,18.36256733
410.728394,42.43771867,40.283722,33.97457067,41.75025433,18.500935
411.089966,42.49905233,40.62651167,34.26491433,42.01227333,18.551908
411.451569,42.51436633,40.948653,34.56193467,42.252364,18.655604
411.813141,42.58475,41.27072033,34.88484733,42.43664167,18.701404
412.174652,42.639005,41.48639033,35.15984367,42.66234067,18.746978
412.536163,42.75355767,41.739558,35.449177,42.91873667,18.859031
412.897644,42.808599,42.05684667,35.635512,43.23213233,18.95937733
413.259033,42.875046,42.316297,35.911197,43.556282,19.04619633
413.620392,42.98355867,42.58185833,36.144081,43.824655,19.17813767
413.98172,43.119647,42.810239,36.35941067,44.011978,19.23155
414.343048,43.12723933,43.07320033,36.591201,44.21111667,19.39134667
414.704315,43.20673,43.43584733,36.88720733,44.48826867,19.49700567
415.065582,43.264666,43.723535,37.05885333,44.802457,19.641464
415.426788,43.39122267,43.970662,37.24220333,45.134192,19.75962467
415.787994,43.43684533,44.21146033,37.504303,45.37010167,19.890744
416.149109,43.38298533,44.442206,37.669902,45.66196433,20.02016233
416.510223,43.47819633,44.628741,37.87742933,45.97287233,20.154812
416.871307,43.571771,44.81871033,38.112386,46.31487433,20.272072
417.23233,43.64830133,44.99984867,38.337141,46.56564067,20.40565467
417.593323,43.71957933,45.21576033,38.46044867,46.92681867,20.51547667
417.954315,43.73879767,45.52180633,38.64465133,47.169703,20.577249
418.315247,43.75763067,45.71186933,38.79953333,47.422,20.6927
418.676178,43.74092833,45.94960267,38.98812933,47.691109,20.829466
419.037048,43.77984367,46.14933667,39.14167767,47.977802,20.90314333
419.397858,43.79479067,46.397817,39.25024733,48.27042667,21.01922567
419.758636,43.862671,46.62432233,39.392107,48.51504267,21.13320333
420.119415,43.83226033,46.84356433,39.498156,48.72902567,21.22711567
420.480103,43.89223733,47.04805133,39.63189567,48.93029667,21.34322033
420.840851,43.89652267,47.24711867,39.738761,49.15745167,21.43447267
421.201477,43.94908367,47.48438533,39.883048,49.368029,21.527858
421.562134,43.94839333,47.72340533,40.01329867,49.62943267,21.65548667
421.922729,44.04017767,47.91519033,40.17971533,49.91378167,21.721901
422.283264,44.080091,48.029208,40.30417967,50.05848833,21.84966533
422.643799,44.11564,48.180828,40.48313267,50.28578567,21.93085233
423.004242,44.16715233,48.413957,40.65090067,50.44000367,22.03596633
423.364685,44.18679567,48.655544,40.77840567,50.67289333,22.12803133
423.725128,44.26357933,48.87842567,40.981435,50.87549967,22.22258767
424.08551,44.271531,49.06904467,41.085692,51.04665,22.285833
424.445892,44.30304233,49.300158,41.23908233,51.25903333,22.41742333
424.806183,44.328166,49.52838533,41.408989,51.54709133,22.54284667
425.166473,44.35425967,49.71750767,41.55896133,51.73767833,22.704086
425.526703,44.40271267,49.88788833,41.686817,52.04652267,22.84102133
425.886902,44.43565367,50.110233,41.83250933,52.34822467,22.94434833
426.24707,44.56850433,50.30841067,41.963164,52.562608,23.05853367
426.607208,44.60816333,50.479837,42.152027,52.72794367,23.20783733
426.967316,44.66346867,50.63847367,42.26435467,53.068535,23.34080767
427.327393,44.67007933,50.86202367,42.40779633,53.36189633,23.472162
427.687439,44.794337,51.01489,42.58044933,53.66926433,23.625986
428.047394,44.88600433,51.20137767,42.751265,53.94003667,23.74520467
428.407379,44.95069367,51.43084333,42.98202,54.184873,23.904557
428.767303,44.976626,51.565351,43.148567,54.49358,24.053426
429.127167,45.02530933,51.74204667,43.31549567,54.74831533,24.18673367
429.487061,45.11300133,51.94254033,43.50297433,54.910829,24.34202133
429.846863,45.12580367,52.16995467,43.71340933,55.29936733,24.50089967
430.206665,45.15055333,52.378642,43.86205267,55.54874033,24.62158533
430.566437,45.18612667,52.561831,43.964644,55.85365933,24.77232867
430.926117,45.31300333,52.75391367,44.11767433,56.07978033,24.919733
431.285828,45.38194033,52.85097667,44.211769,56.44831467,25.020934
431.645447,45.431526,53.04982,44.43954867,56.76222967,25.20738667
432.005035,45.55051933,53.16802733,44.51093167,56.955138,25.33558967
432.364655,45.563197,53.31243267,44.63595967,57.152435,25.464428
432.724182,45.58977133,53.50086333,44.771829,57.42293433,25.59542867
433.08371,45.58772,53.61050567,44.900936,57.52289833,25.73386133
433.443207,45.614451,53.817056,44.996942,57.70268267,25.89121167
433.802582,45.670143,53.94776133,45.11658333,57.92363367,26.02287367
434.162018,45.686797,54.057869,45.21255233,58.16770667,26.14824633
434.521362,45.743393,54.186202,45.37871567,58.31753667,26.283115
434.880676,45.775014,54.30928667,45.512676,58.551117,26.43884933
435.23999,45.790685,54.517957,45.59123733,58.696583,26.52121433
435.599243,45.73704633,54.63322567,45.64613333,58.85308367,26.641803
435.958496,45.738785,54.68858467,45.629185,58.990223,26.74519267
436.317657,45.75423933,54.84792867,45.69483167,59.20786767,26.86559233
436.676819,45.82077667,55.01264333,45.78771333,59.45965433,26.99491033
437.03595,45.78923667,55.105797,45.838023,59.715885,27.186333
437.39502,45.84379333,55.19632967,45.86697267,59.825306,27.322095
437.754059,45.92767467,55.36110933,45.959226,60.00619267,27.53048467
438.113068,45.97099567,55.44681933,46.10614133,60.14079933,27.71566767
438.472046,45.97201933,55.51830667,46.16662233,60.31342667,27.87287067
438.830994,46.04388567,55.678492,46.22250767,60.43253933,28.00747367
439.189911,46.15561567,55.78700867,46.22136167,60.62067033,28.11265933
439.548798,46.11794,55.945301,46.287384,60.697661,28.257993
439.907593,46.14741767,56.08769233,46.35008,60.783287,28.36147967
440.266388,46.188239,56.23381467,46.452259,60.93701567,28.46831833
440.625122,46.26408267,56.38034067,46.52103567,61.10221833,28.60287667
440.983856,46.30533467,56.45405067,46.66671733,61.18851967,28.74609433
441.342621,46.32739,56.56272767,46.67999633,61.34306833,28.88864267
441.701263,46.406223,56.68344767,46.67576467,61.447572,29.02008933
442.059875,46.43230433,56.70222967,46.70130567,61.59459667,29.135661
442.418457,46.42304733,56.689383,46.71733833,61.66081133,29.220599
442.777008,46.47183867,56.686854,46.722118,61.83145533,29.35171
443.135498,46.58534733,56.77644233,46.80534267,61.97713833,29.48847133
443.493958,46.68973667,56.95794433,46.88908,62.200338,29.66960467
443.852448,46.785693,57.07942967,46.97198367,62.331861,29.74853233
444.210876,46.81665033,57.12760167,47.01941033,62.42263033,29.92385333
444.569214,46.89672067,57.216704,47.00563833,62.52135467,29.97775933
444.927551,46.96663167,57.33833933,47.046758,62.699408,30.115317
445.285858,47.01019833,57.38759967,47.05367667,62.811741,30.21835267
445.644104,47.07915533,57.46473067,47.09244167,63.008845,30.306843
446.002319,47.10420467,57.507637,47.12739933,63.18137367,30.42155333
446.360504,47.13763967,57.56488067,47.17874767,63.24775833,30.55651933
446.718719,47.11781033,57.595562,47.24779733,63.293443,30.72671767
447.076843,47.151179,57.54307433,47.31508133,63.45686733,30.841887
447.434906,47.18966167,57.58387033,47.30270633,63.59853367,30.88193167
447.792938,47.209605,57.562439,47.26878233,63.704488,31.01245367
448.15094,47.24647,57.58462533,47.294136,63.82666667,31.09152733
448.508911,47.315894,57.65056367,47.28477467,63.96971267,31.18540733
448.866852,47.35225933,57.63995367,47.319107,64.025576,31.284993
449.224731,47.42894633,57.66022233,47.32798767,64.158014,31.430739
449.582672,47.46601767,57.79209933,47.365275,64.20897267,31.59936667
449.940491,47.613646,57.944744,47.389732,64.36093667,31.75737433
450.298279,47.65673667,58.02216733,47.49523433,64.41508067,31.91039033
450.656067,47.647896,58.02393333,47.551252,64.47783533,32.082784
451.013733,47.60815067,58.03037733,47.62431333,64.52875767,32.195303
451.371429,47.609637,58.043864,47.62936533,64.605118,32.391017
451.729095,47.68746067,58.114578,47.68147933,64.72152833,32.49736433
452.0867,47.67896533,58.17181667,47.73982367,64.805004,32.65298733
452.444336,47.723665,58.18530267,47.78482433,64.90813433,32.74730633
452.80188,47.74313733,58.23428967,47.81297033,65.03147133,32.84442967
453.159363,47.738032,58.293214,47.83670567,65.08559133,32.93397333
453.516815,47.800818,58.35011033,47.92957067,65.12038433,33.05404267
453.874237,47.79056267,58.40603367,47.999981,65.21501167,33.18143067
454.231628,47.825316,58.52142967,48.06702833,65.37821067,33.308038
454.588989,47.831582,58.68397667,48.116319,65.43233833,33.44727967
454.94632,47.88368733,58.715112,48.17309967,65.57789467,33.70533067
455.30365,47.95978433,58.869171,48.21265067,65.59486533,33.85749833
455.660919,48.04671067,58.93006133,48.28749967,65.701277,34.03698133
456.018127,48.05545533,58.93057267,48.338328,65.85305167,34.17697333
456.375305,48.04622933,59.02735933,48.38038767,65.947263,34.30320167
456.732422,48.060698,59.121428,48.490621,66.111575,34.429871
457.089539,48.05095933,59.163588,48.52190133,66.16575267,34.513866
457.446594,48.06608967,59.15376533,48.52167,66.25812533,34.657821
457.80365,48.05189267,59.26958567,48.54571667,66.27997467,34.79943667
458.160706,48.059161,59.422067,48.57756933,66.42763233,34.887523
458.517639,48.108537,59.47038433,48.57313133,66.50057333,35.03376267
458.874542,48.10421467,59.52970033,48.580878,66.57172,35.17904867
459.231445,48.067599,59.54580567,48.610007,66.63140133,35.325725
459.588287,48.16077933,59.62428033,48.67365633,66.69355667,35.47734
459.945099,48.11750433,59.684106,48.664972,66.75859333,35.60660567
460.30188,48.11446133,59.718273,48.73651233,66.800003,35.751575
460.6586,48.13637667,59.72760367,48.71860633,66.85007367,35.91619667
461.015381,48.16940567,59.75759,48.68148667,66.95083733,36.07102767
461.37204,48.250056,59.799802,48.725609,66.984643,36.20078833
461.728668,48.29454033,59.75039433,48.750425,66.96499867,36.287014
462.085266,48.32549267,59.76280333,48.74775833,67.11939767,36.350882
462.441803,48.32143033,59.886308,48.790962,67.12983833,36.44558833
462.798309,48.32907867,59.89363467,48.88048433,67.268761,36.529094
463.154816,48.26968033,59.935102,48.86746733,67.322815,36.630383
463.511261,48.29264333,60.042099,48.93100733,67.277827,36.76879567
463.867706,48.278464,60.109403,48.97523867,67.32439667,36.923379
464.224091,48.23951967,60.20027167,48.96695467,67.39370467,37.02850767
464.580444,48.29736333,60.26151633,49.009319,67.46246567,37.170454
464.936737,48.297737,60.34551633,49.05394633,67.48665867,37.28184633
465.292999,48.36827333,60.37947833,49.10916133,67.57621233,37.44967833
465.6492,48.42770767,60.36802533,49.08505,67.531194,37.57500133
466.005402,48.48289233,60.44219467,49.09130867,67.658886,37.660019
466.361542,48.526835,60.451243,49.14521533,67.768393,37.735497
466.717712,48.569668,60.52030433,49.117167,67.75260433,37.85770033
467.073792,48.51127633,60.534285,49.17679467,67.76286333,37.98458167
467.42984,48.56900933,60.55994933,49.211975,67.75147367,38.11182267
467.785828,48.57625567,60.64268367,49.26487967,67.827802,38.24790833
468.141815,48.588529,60.68366867,49.34459467,67.905328,38.36618033
468.497742,48.59748567,60.76813633,49.402013,67.868721,38.45203633
468.853638,48.57119867,60.823743,49.422333,67.977118,38.64674633
469.209503,48.61037833,61.00626733,49.44967267,68.02434667,38.80402
469.565369,48.67430267,61.099341,49.50622433,68.02448133,38.92071367
469.921143,48.704936,61.073616,49.540779,68.043564,39.06587367
470.276886,48.69006367,61.09563967,49.60893767,68.057887,39.176436
470.632599,48.76605467,61.20721567,49.67887367,68.08909967,39.27592733
470.988281,48.78530767,61.20104833,49.70501467,68.23536933,39.40778467
471.343933,48.88047033,61.30068333,49.76718267,68.41331467,39.536841
471.699493,48.94986733,61.33270133,49.878554,68.415713,39.687496
472.055054,48.971274,61.393781,49.96834433,68.459685,39.811522
472.410675,48.98037333,61.48616533,50.10557033,68.473821,39.90600333
472.766144,48.990364,61.528802,50.22211067,68.60988867,39.99662033
473.121582,49.00794733,61.59894167,50.39119833,68.721639,40.135207
473.47702,49.07169733,61.63829833,50.48003933,68.76417533,40.27404767
473.832397,49.12687933,61.684573,50.60069133,68.76923233,40.40496433
474.187714,49.227267,61.72796767,50.72043233,68.92352667,40.482155
474.54303,49.270424,61.75765633,50.766477,69.04761,40.58188133
474.898315,49.36484167,61.84353133,50.83429467,69.078513,40.677214
475.253571,49.37019367,61.85836533,50.84907133,69.07837033,40.81362033
475.608765,49.44647333,61.94996133,50.897799,69.093825,40.921523
475.963928,49.47626233,62.00619,50.958556,69.19945867,40.98520533
476.319,49.53815733,62.026091,51.034439,69.27254233,41.05081167
476.674103,49.53189733,62.000257,51.07252733,69.31238167,41.14324433
477.029144,49.550144,62.07184467,51.10945,69.33877433,41.32536433
477.384125,49.631467,62.068057,51.17336767,69.440502,41.49172067
477.739166,49.66762667,62.14151867,51.21062733,69.44778933,41.64694233
478.094086,49.696457,62.192801,51.28641367,69.49055467,41.79638567
478.448975,49.72427267,62.27864433,51.360068,69.509396,41.868959
478.803833,49.74506133,62.30873233,51.42121867,69.53254233,41.96756267
479.158661,49.77736567,62.37443033,51.53769033,69.56019833,42.10473367
479.513458,49.872462,62.40532833,51.639998,69.68318533,42.23309733
479.868164,50.034429,62.51099767,51.810622,69.92060733,42.49230533
480.22287,50.397297,62.92895633,52.10980467,70.25532933,42.80668267
480.577606,50.868393,63.47083533,52.51766433,70.77190433,43.32666667
480.932251,51.184532,63.91941567,52.88123333,71.16123833,43.72141133
481.286835,51.378212,64.10389967,52.90723567,71.28351867,43.95753967
481.641388,51.39079533,64.15054433,52.86846033,71.291664,44.07705567
481.995911,51.38934333,64.22254033,52.853653,71.22460433,44.15468467
482.350403,51.31721467,64.187206,52.84468833,71.234535,44.26959233
482.704834,51.29987733,64.196116,52.82880167,71.29252767,44.34401433
483.059204,51.28084667,64.21631233,52.83323667,71.305023,44.39309067
483.413666,51.28370933,64.21052533,52.81810367,71.29404433,44.478738
483.767975,51.28380067,64.262558,52.804779,71.32680267,44.50899233
484.122284,51.295747,64.30643967,52.84258933,71.36373533,44.611286
484.476532,51.32801567,64.35679767,52.908054,71.36555733,44.69841
484.83075,51.35334167,64.429428,52.89793767,71.362624,44.748745
485.184937,51.380791,64.48696167,52.91754167,71.41544233,44.85194167
485.539063,51.395002,64.52495067,52.88115433,71.42979067,44.93324533
485.893158,51.41054133,64.56672567,52.873455,71.42202133,45.02074967
486.247284,51.45032767,64.608232,52.85200233,71.44787833,45.11882667
486.601318,51.47054167,64.64588067,52.811301,71.49808,45.19244267
486.955322,51.461398,64.71387833,52.780922,71.53288767,45.295227
487.309265,51.43926767,64.75079733,52.72218333,71.495295,45.37128067
487.663177,51.313938,64.646093,52.58359033,71.40761733,45.40604533
488.017059,51.129813,64.450296,52.34587633,71.18553933,45.28803233
488.370911,50.94339367,64.234596,52.15287933,71.003404,45.24217333
488.724701,50.819936,64.19084567,52.10673767,70.94490067,45.27585233
489.078522,50.83538933,64.22507467,52.12650433,70.996596,45.356384
489.432251,50.85127267,64.25672633,52.13822567,71.08472933,45.444692
489.785919,50.91859033,64.32782233,52.15109867,71.16295767,45.50788633
490.139587,50.972462,64.363379,52.120396,71.14848067,45.56901033
490.493195,51.00274667,64.391276,52.08302933,71.19611967,45.67557267
490.846771,51.00722467,64.49776833,52.07440533,71.22175967,45.745168
491.200287,50.98921833,64.527531,52.059574,71.21716667,45.87907067
491.553802,50.98927067,64.56439333,52.034958,71.22044467,45.93910467
491.907318,50.99356567,64.58669267,51.966011,71.27499033,46.00622467
492.260742,50.990973,64.62217967,51.95783467,71.3016,46.10131833
492.614105,50.993202,64.638032,51.93162533,71.30678933,46.18356233
492.967468,51.01147333,64.67131067,51.92954767,71.37256633,46.26684467
493.32077,51.03088,64.68922967,51.958534,71.43183533,46.38089633
493.674042,51.00585067,64.67652133,52.00123833,71.44716267,46.43873867
494.027283,51.00953533,64.73562367,52.04471967,71.503436,46.557092
494.380463,51.03702267,64.754546,52.087251,71.51684333,46.630347
494.733673,51.06606933,64.836056,52.13577433,71.56548567,46.772114
495.086792,51.056108,64.83160267,52.13707733,71.58183933,46.899287
495.43988,51.002791,64.79587267,52.13427233,71.58949567,47.019109
495.792938,50.98127467,64.88589,52.106823,71.61114867,47.10310867
496.145935,50.97054267,64.916139,52.15515133,71.589031,47.17582967
496.498871,50.93239867,64.90771367,52.20628467,71.575943,47.29196533
496.851837,50.96935133,64.92565167,52.24785367,71.63003633,47.381162
497.204681,50.94513833,64.98993167,52.29979967,71.609712,47.49602233
497.557587,50.92815767,65.071092,52.48824333,71.670343,47.56751667
497.910431,50.93829767,65.11340833,52.648501,71.690009,47.639379
498.263184,50.973652,65.13607533,52.774078,71.68513367,47.79383433
498.615936,51.017723,65.168967,52.84974267,71.674975,47.90792067
498.968628,51.03664267,65.19350933,52.89658733,71.737742,47.96926967
499.321289,50.995074,65.197609,52.94311133,71.716966,48.06621167
499.67392,50.990411,65.174118,53.03828933,71.84160367,48.11603433
500.026489,51.013063,65.228283,53.06391433,71.88952233,48.158293
500.379089,51.00227867,65.20191833,53.19143033,71.94010433,48.208323
500.731598,51.02434267,65.27901233,53.20529533,71.980184,48.30616267
501.084076,51.02761967,65.34428,53.316544,72.060285,48.43710433
501.436493,51.02936933,65.36981333,53.368328,72.07488367,48.59582267
501.788879,51.10986833,65.45649333,53.41295733,72.100976,48.72249867
502.141205,51.11861933,65.52771,53.44238667,72.21660867,48.74598333
502.49353,51.17170333,65.65013367,53.51682933,72.21829567,48.862606
502.845795,51.16607067,65.787567,53.60765067,72.21645333,48.99202733
503.19812,51.21348833,65.72339133,53.68633367,72.23927067,49.11631267
503.550293,51.25320333,65.81513233,53.70664333,72.361164,49.23310467
503.902466,51.23907867,66.00590033,53.845543,72.404429,49.359825
504.254578,51.22511933,66.097819,53.89830533,72.36626933,49.50778033
504.606659,51.28674467,66.190333,53.96682733,72.414284,49.59323133
504.95871,51.395635,66.30717733,54.024986,72.39909633,49.723644
505.310699,51.408638,66.400396,54.104319,72.433333,49.8571
505.66275,51.43048967,66.46799233,54.12562833,72.62613667,49.916514
506.014679,51.42002867,66.53093967,54.20920933,72.687154,49.97176733
506.366547,51.445792,66.66085833,54.27100367,72.73174833,50.12008667
506.718384,51.515695,66.76386533,54.29404433,72.843053,50.20658367
507.070221,51.50245033,66.82201633,54.35304667,72.754247,50.33864233
507.421997,51.54206333,66.87937167,54.43281433,72.85341,50.383217
507.773712,51.54338833,66.99982967,54.493394,72.85983533,50.52665467
508.125397,51.60211033,67.06973767,54.55367667,72.891061,50.58603533
508.477112,51.627266,67.22024267,54.588206,72.84789533,50.66135667
508.828735,51.67366433,67.255765,54.60954167,72.95808933,50.68766033
509.180328,51.68499133,67.295985,54.662519,73.03289133,50.77111067
509.53186,51.63362467,67.36580667,54.72377667,73.00647967,50.84776033
509.883362,51.61560067,67.47011033,54.81538,73.08197033,50.911082
510.234833,51.63062433,67.53373967,54.88516367,73.19944,50.99071867
510.586273,51.63493867,67.63745633,54.93231433,73.200395,51.049647
510.937622,51.618299,67.699778,54.985878,73.230394,51.13434233
511.289032,51.658489,67.676099,54.94784567,73.21763233,51.177447
511.64035,51.666041,67.785952,54.98868833,73.319253,51.263068
511.991608,51.65742633,67.87367767,54.97162233,73.38839833,51.32149633
512.342834,51.66096633,67.96473933,54.95296767,73.46981167,51.405806
512.69397,51.698377,68.09102633,54.858036,73.497444,51.440351
513.045166,51.73320267,68.05821767,54.87883,73.46958167,51.528432
513.396301,51.77254233,68.14816033,54.932888,73.55125533,51.62512867
513.747314,51.77750167,68.165568,54.95353433,73.57378633,51.749223
514.09845,51.819814,68.214732,55.02132933,73.52365867,51.85725167
514.449463,51.86005167,68.321602,55.00139367,73.59254967,51.95279067
514.800415,51.90168633,68.31663767,55.04315033,73.587584,52.087929
515.151367,51.94331733,68.36330167,54.986734,73.60904067,52.215917
515.502197,51.959825,68.37776967,55.02087933,73.662519,52.34199667
515.853027,51.97700367,68.446579,54.98153033,73.70791633,52.50957067
516.203796,51.99335733,68.51631667,55.06130867,73.68144867,52.592332
516.554565,51.997481,68.57078767,55.07573833,73.655519,52.70065067
516.905396,52.050368,68.571808,55.018355,73.690436,52.829525
517.256042,52.02218267,68.578229,54.96272133,73.70751167,52.944491
517.606689,52.07363133,68.555023,54.89084233,73.74490733,53.03203333
517.957336,52.13120133,68.602735,54.850979,73.81178933,53.149203
518.307861,52.16733933,68.607521,54.82452767,73.82703033,53.236698
518.658386,52.16511667,68.70217633,54.80499033,73.86052567,53.340716
519.00885,52.21235167,68.660769,54.81417967,73.92463667,53.36802167
519.359314,52.246362,68.612691,54.858653,73.92802433,53.46986133
519.709778,52.215566,68.54910767,54.90070733,73.889762,53.53308967
520.060181,52.23272433,68.491066,54.90687567,73.887806,53.684803
520.410461,52.24847,68.53198233,54.90871533,73.96117633,53.76458733
520.760803,52.28849533,68.50266,54.85531767,73.94550433,53.79697067
521.111023,52.33093,68.49294567,54.813904,73.93933233,53.80471533
521.461182,52.29458867,68.50030533,54.82155367,74.03301133,53.92025233
521.81134,52.269408,68.48714933,54.82677433,74.07909133,53.93863667
522.161499,52.22382633,68.543836,54.82895033,74.01976667,54.037637
522.511658,52.20836533,68.456988,54.86225633,74.08109167,54.100344
522.861694,52.24982333,68.43433133,54.920784,74.08709467,54.183464
523.211731,52.26255933,68.34653733,55.023626,74.134935,54.24087267
523.561707,52.31557233,68.33986933,55.02041633,74.12883467,54.31015133
523.911621,52.34637967,68.32442967,55.069945,74.16571333,54.373713
524.261536,52.370978,68.34291567,55.19374233,74.13793567,54.47749333
524.611389,52.49928267,68.338216,55.29900233,74.230863,54.579806
524.961182,52.62708567,68.48569233,55.50144967,74.32652667,54.81143667
525.311035,52.856365,68.76828033,55.77175,74.57134367,55.10286733
525.660767,53.103293,69.01005033,56.05259433,74.84067433,55.37492367
526.010437,53.22421667,69.06498467,56.16039633,74.89793267,55.54097133
526.360107,53.30426267,69.15486367,56.14564867,74.904523,55.65838867
526.709717,53.28672633,69.15935,56.145388,74.889852,55.75571067
527.059326,53.30530333,69.167582,56.10807667,74.94685867,55.857516
527.408875,53.309297,69.15866867,56.098123,74.95257067,55.87766367
527.758301,53.30950667,69.21027867,56.07259867,74.89255267,55.91792467
528.107849,53.27462033,69.22644033,56.060251,74.92559033,56.02526733
528.457275,53.28569067,69.20784233,56.11899667,74.95882933,56.11246367
528.806641,53.30200333,69.17481733,56.10020833,74.91432467,56.11359533
529.156006,53.333963,69.196162,56.127454,74.88017,56.23034533
529.505249,53.39670433,69.241753,56.18131633,74.95499933,56.29022333
529.854553,53.47066867,69.318794,56.197829,74.930649,56.375398
530.203735,53.469063,69.40756767,56.22320067,74.97321833,56.45345567
530.552917,53.498918,69.45213833,56.198091,75.01845533,56.50699633
530.902161,53.52446467,69.523351,56.21001967,75.046046,56.600385
531.251282,53.51967367,69.53445167,56.203425,75.07490833,56.70855467
531.600342,53.53666533,69.59394567,56.16599167,75.11217,56.771567
531.94928,53.49866233,69.66306033,56.10948667,75.08212267,56.83953067
532.29834,53.43608333,69.607554,56.004852,74.986534,56.835313
532.647278,53.29202533,69.40079267,55.816087,74.80327867,56.73471967
532.996155,53.11587767,69.222041,55.617564,74.62949233,56.65459167
533.345093,53.046739,69.133054,55.555659,74.58781933,56.63212467
533.693909,52.97471367,69.055796,55.60217567,74.54618467,56.69528833
534.042664,52.98976033,69.05054733,55.62726467,74.58578,56.696383
534.391418,53.02458833,69.05672433,55.66188333,74.583551,56.77560167
534.740051,53.05102167,69.08574967,55.69651133,74.61019267,56.84096267
535.088806,53.07646167,69.096184,55.759829,74.688826,56.93965033
535.437378,53.12555433,69.13468167,55.80707033,74.68458433,56.96332267
535.786011,53.11025233,69.20456467,55.79240567,74.64291533,57.00976533
536.134521,53.117148,69.287448,55.85468167,74.73417633,57.108719
536.483093,53.13702767,69.31925467,55.83746067,74.77055767,57.16983533
536.831543,53.10003167,69.28626,55.78180067,74.770716,57.21509167
537.179932,53.06452567,69.25677233,55.821176,74.825954,57.27166333
537.52832,53.06828067,69.208234,55.801651,74.82206567,57.35060233
537.876648,53.141121,69.26415267,55.86578633,74.72562933,57.46875033
538.224976,53.15693133,69.24382533,55.90998067,74.692782,57.54261767
538.573242,53.25304933,69.30590333,55.96234133,74.75145967,57.65445733
538.921448,53.31312067,69.28637933,55.98079667,74.82451133,57.76750467
539.269714,53.392165,69.27265667,56.050176,74.83263767,57.84437433
539.617798,53.432517,69.28106167,56.10458867,74.862227,57.95206467
539.965881,53.40970467,69.31892133,56.13346733,74.84747433,58.06774633
540.313965,53.41333633,69.31820967,56.10910167,74.81402967,58.13155833
540.661987,53.39375933,69.36503633,56.07189267,74.79460667,58.21545667
541.01001,53.35922233,69.43184667,56.02491767,74.813455,58.283408
541.35791,53.36372767,69.48169967,55.98693233,74.78949967,58.39676167
541.705872,53.33768733,69.53450767,55.95718133,74.79605867,58.432148
542.053711,53.29832067,69.55578867,55.97811767,74.77621967,58.48771167
542.401489,53.27960867,69.53391267,55.99068067,74.76163867,58.54303367
542.749268,53.26065533,69.520635,55.97527933,74.75227233,58.609142
543.096985,53.28617467,69.53810133,55.967364,74.76939,58.68823133
543.444702,53.281258,69.50893633,55.92498167,74.73764167,58.75135433
543.792358,53.30382933,69.51328,55.956132,74.78449233,58.79516967
544.140015,53.303955,69.53106933,55.971268,74.728737,58.89707467
544.48761,53.300981,69.600797,55.99282067,74.716306,58.99582933
544.835144,53.27504333,69.61270133,55.95597333,74.70717633,59.034158
545.182617,53.22687133,69.56749733,55.91068,74.77786133,59.08620067
545.53009,53.22480633,69.55342867,55.86880367,74.76070667,59.17455167
545.877502,53.148768,69.515218,55.81137833,74.695249,59.14201467
546.224854,53.12504833,69.46716833,55.81513467,74.552227,59.19646333
546.572205,53.07152833,69.51654567,55.759856,74.55753333,59.28867833
546.919495,53.014924,69.524887,55.69806033,74.58899167,59.33551533
547.266785,53.039388,69.5883,55.70148867,74.569262,59.37737933
547.614014,53.00239033,69.61289467,55.70166367,74.58322133,59.481017
547.961182,53.055215,69.581726,55.72054267,74.62828833,59.582203
548.30835,53.11017,69.52387233,55.67898567,74.59485467,59.66406633
548.655396,53.10471233,69.48425033,55.702882,74.6155,59.665535
549.002441,53.08896133,69.40595,55.72126533,74.56259533,59.66751833
549.349426,53.11980933,69.395752,55.721138,74.638874,59.76446667
549.696411,53.18764133,69.347346,55.641786,74.572459,59.82583133
550.043396,53.21581133,69.31748967,55.66297633,74.570553,59.904929
550.390259,53.29637767,69.29675033,55.692431,74.60157,59.95587167
550.737122,53.362822,69.346123,55.753853,74.61569733,59.985044
551.083923,53.348043,69.33615367,55.67081967,74.581276,60.090637
551.430664,53.40680067,69.310781,55.55924867,74.679334,60.175365
551.777344,53.41272233,69.304957,55.46271267,74.66652933,60.24980033
552.124084,53.453335,69.344129,55.40755233,74.67572033,60.36246733
552.470703,53.46125167,69.409981,55.33909233,74.61921933,60.480938
552.817322,53.41112267,69.41520167,55.25707367,74.65502933,60.51227033
553.16394,53.39021533,69.542272,55.21829733,74.714742,60.644506
553.510437,53.37155767,69.646835,55.16932433,74.80554467,60.64700333
553.856873,53.40149667,69.53916433,55.23973367,74.799891,60.649339
554.203308,53.40225333,69.59112533,55.28400433,74.794258,60.64909967
554.549744,53.42540767,69.47671233,55.18664933,74.86213433,60.68337867
554.896057,53.452409,69.54306033,55.23696,74.804657,60.73191433
555.242371,53.41457267,69.60226167,55.21788667,74.768631,60.83883533
555.588684,53.45163467,69.671415,55.217725,74.765625,60.91723633
555.934875,53.54922233,69.74851233,55.20617267,74.76828667,61.0221
556.281067,53.62624467,69.840566,55.19177733,74.81941733,61.16155367
556.627258,53.695943,69.89925667,55.21920533,74.812715,61.18823733
556.973328,53.698485,69.96120967,55.26196567,74.940193,61.25915167
557.319458,53.70139833,70.018875,55.261767,74.93158067,61.30749767
557.665405,53.627556,70.02413167,55.19120767,74.98449567,61.36234533
558.011414,53.69482167,69.97934467,55.15344233,75.01933133,61.52684033
558.357361,53.749504,69.966555,55.27902067,75.00383633,61.53059767
558.703247,53.738211,69.98759233,55.370009,75.01219967,61.62368167
559.049133,53.763093,70.00965867,55.443694,74.99503967,61.631466
559.39502,53.77889,69.937383,55.50716433,75.07094567,61.695053
559.740784,53.77379367,69.933403,55.56553133,75.10834633,61.69720333
560.086487,53.78618,69.95958467,55.6636,75.091695,61.82493733
560.432129,53.889805,69.97006733,55.65909567,74.97123067,61.93680833
560.777832,53.90407667,69.90795867,55.71961833,75.00253167,61.99614333
561.123474,53.98078167,69.94269533,55.65644333,75.01848333,62.06652333
561.468994,54.00583533,69.84745533,55.67067433,74.99739733,62.21024567
561.814575,54.04012533,69.93269867,55.743791,74.91518133,62.27089567
562.160034,54.08842333,69.84666433,55.715824,74.97853967,62.31627667
562.505493,54.10559967,69.84886433,55.72387933,75.012282,62.319247
562.850891,54.10319,69.83593233,55.76047233,75.02626667,62.368374
563.196228,54.0813,69.805987,55.77971533,75.08061867,62.42045733
563.541626,54.131191,69.77882167,55.83134467,75.16896067,62.41883367
563.886902,54.081769,69.729655,55.90257867,75.06452033,62.47944767
564.232178,54.047026,69.73617,55.95089067,75.01696533,62.47153867
564.577332,54.054836,69.709742,55.88849767,75.114904,62.60431433
564.922485,54.04994467,69.71060967,55.995472,75.10326367,62.684301
565.267639,54.03194067,69.73161833,55.961797,75.045123,62.67849233
565.612671,54.05559667,69.69942967,55.891392,75.026962,62.75825767
565.957703,54.07691167,69.65295667,55.84699767,74.98965933,62.76138567
566.302795,54.09576567,69.636566,55.812992,74.98118333,62.74497867
566.647705,54.114071,69.64529133,55.81144333,74.91879767,62.77663833
566.992615,54.16835033,69.62715633,55.79775633,74.99578067,62.82060633
567.337463,54.218353,69.62389133,55.78650667,75.06486533,62.82939533
567.682251,54.28787733,69.59759767,55.84169633,75.13134,62.845848
568.0271,54.31258167,69.60387933,55.835003,75.10466767,62.91737
568.371826,54.29751967,69.587967,55.894643,75.09196467,62.98586233
568.716492,54.315436,69.671018,55.90053833,75.13564833,62.960603
569.061218,54.276821,69.65099333,55.944739,75.21402233,63.04950733
569.405823,54.280913,69.75837467,55.99069733,75.16475933,63.084424
569.750366,54.24966033,69.74558267,56.046763,75.204086,63.06927967
570.09491,54.24675133,69.724093,56.075212,75.21385733,63.14013033
570.439392,54.24295633,69.77098867,56.126367,75.150233,63.25645467
570.783875,54.25496033,69.80641167,56.09331133,75.04591867,63.40778467
571.128235,54.306099,69.82863367,55.96511067,75.06733433,63.57220467
571.472595,54.33188533,69.77715033,55.92241533,75.05829867,63.69267167
571.817017,54.371109,69.74065933,55.95775467,75.033582,63.72798133
572.161255,54.44891733,69.757123,55.91051733,75.040652,63.76225533
572.505554,54.43707633,69.701149,55.91176233,75.05386367,63.81801733
572.84967,54.419362,69.796219,55.928309,75.02755967,63.90826267
573.193848,54.42851033,69.806089,56.03967933,74.99768833,64.02329533
573.537964,54.50128433,69.81701933,56.08961867,75.00498067,64.10528833
573.882019,54.507459,69.788109,56.08495333,75.062299,64.177771
574.226074,54.48259867,69.79072067,56.10090867,75.03619133,64.247743
574.570129,54.52674233,69.785192,56.08769733,75.04017733,64.289321
574.914063,54.405745,69.77294167,56.10753633,74.99018767,64.30343
575.257996,54.39876567,69.76632933,56.14001867,75.04431133,64.424052
575.601807,54.41369,69.790024,56.0984,74.98347467,64.384415
575.945618,54.455532,69.76490267,56.07296367,74.91503767,64.47123333
576.289429,54.45547233,69.755465,56.08241267,74.86405567,64.53763567
576.633118,54.45902633,69.73997467,56.01702767,74.950737,64.60254933
576.976807,54.552662,69.80037167,55.982502,74.91942333,64.703794
577.320496,54.589026,69.74575533,55.98956933,74.965856,64.65517167
577.664124,54.61324967,69.70805333,55.98231367,74.994025,64.65761933
578.00769,54.61013667,69.66249067,56.012807,75.114863,64.67309933
578.351196,54.61020433,69.682635,56.04949567,75.13547533,64.70255433
578.694702,54.64781967,69.696223,56.091924,75.24015833,64.78394467
579.038147,54.68478933,69.818405,56.09306967,75.26366433,64.768533
579.381531,54.571622,69.851013,56.03502633,75.24496467,64.84902167
579.724854,54.586768,69.93099733,56.152533,75.25937633,64.88352233
580.068237,54.60972867,69.875516,56.132694,75.325419,64.87610767
580.411499,54.596011,69.92805467,56.08824533,75.408643,64.88241467
580.754761,54.54092,69.957123,56.01176433,75.40534467,64.912337
581.0979,54.616558,70.04723133,56.048776,75.33894367,64.97617967
581.44104,54.64052167,70.08920267,56.040001,75.29777033,65.000951
581.78418,54.585073,70.142901,56.05486667,75.36097967,65.112892
582.127197,54.59599533,70.176717,56.03085567,75.42727133,65.11995933
582.470215,54.63041967,70.145096,56.01429633,75.39516967,65.060303
582.813232,54.57845067,70.22674533,55.980133,75.53933967,65.146282
583.156189,54.55346033,70.25245167,56.00369533,75.58490233,65.163708
583.499084,54.62334667,70.29741667,55.99114367,75.63670833,65.18327733
583.841919,54.595477,70.26073467,55.99288933,75.52292367,65.202915
584.184753,54.508794,70.16240967,55.89278933,75.48187767,65.213998
584.527466,54.46430467,70.16461733,55.845933,75.42890167,65.25343933
584.870178,54.477787,70.219312,55.75082633,75.52022833,65.299591
585.212891,54.374153,70.18366,55.74200933,75.43281567,65.34901933
585.555542,54.28493767,70.22020967,55.775589,75.364207,65.29897033
585.898132,54.158755,70.23657233,55.70832333,75.220759,65.237802
586.240662,54.10691333,70.151914,55.759238,75.148089,65.28442367
586.583252,54.226915,70.13578,55.77043,75.05961733,65.303149
586.925659,54.19028333,70.217949,55.72505333,75.113398,65.379602
587.268066,54.15631633,70.161995,55.69173067,75.032575,65.46754333
587.610474,54.10476933,70.16309333,55.65477367,75.03086967,65.48744833
587.95282,54.129701,70.121905,55.65614567,75.03828933,65.46672567
588.295166,54.06183233,70.114146,55.60495367,74.99367533,65.400094
588.63739,54.049736,70.02787267,55.578472,75.107221,65.436981
588.979614,54.03737233,69.98087067,55.522058,75.08497133,65.37754933
589.321777,54.09109767,69.86426267,55.507244,75.132182,65.48745067
589.663879,54.10001633,69.946635,55.41570767,75.173388,65.60162733
590.005981,54.200503,69.861013,55.42616633,75.12289933,65.66307933
590.348022,54.24338133,69.858096,55.385577,75.110377,65.70573933
590.690002,54.19226467,69.82029233,55.303216,75.08163967,65.720464
591.031982,54.188765,69.76853433,55.28458133,75.08556633,65.73120633
591.373962,54.25102233,69.829613,55.34411867,75.121915,65.79879633
591.71582,54.36259833,69.84592667,55.39085667,75.03990667,65.92097467
592.057556,54.35481,69.78863,55.427568,74.956511,65.91027433
592.399414,54.40961833,69.845825,55.36848467,74.97419467,65.92683
592.74115,54.551244,69.73573033,55.37864667,75.06637333,65.918381
593.082825,54.74914833,69.71090933,55.39226533,75.060421,65.90767667
593.4245,54.82145567,69.691119,55.36891533,75.00753933,65.88555933
593.766113,54.71385467,69.573049,55.40033833,75.11766567,65.87930267
594.107666,54.71463367,69.44045267,55.37465667,75.09199767,65.860522
594.449219,54.70875167,69.49080633,55.48853833,75.25752733,65.86094933
594.79071,54.85714233,69.436592,55.45036833,75.10042567,65.806689
595.132141,54.86186967,69.375852,55.45280467,75.09708933,65.851068
595.473511,54.88260133,69.302803,55.440071,75.14832033,65.992905
595.81488,54.85866167,69.33439133,55.42575333,75.080686,66.027809
596.15625,54.89520533,69.305626,55.43101467,75.01391733,66.13456
596.497498,54.91025533,69.30393467,55.41458,74.92099767,66.15613933
596.838745,54.97255933,69.29279333,55.51633833,74.85499433,66.082203
597.179932,54.88050467,69.27604133,55.49866133,74.804441,66.12728367
597.521057,54.89244733,69.23375167,55.54838433,74.858846,66.13885867
597.862122,54.95275633,69.21268967,55.63067367,74.882215,66.15903367
598.203125,55.09265633,69.25474833,55.66395067,74.95273933,66.27278133
598.544189,55.15693267,69.24132033,55.68346667,74.991661,66.30978
598.885193,55.11180867,69.2071,55.654535,75.09947733,66.34146467
599.226135,55.10658633,69.25373333,55.663526,75.08242667,66.35462567
599.567017,55.10319133,69.19723767,55.68826767,75.05196767,66.294927
599.907776,54.989806,69.14155567,55.59904733,75.107423,66.32204567
600.248657,54.86834067,69.147293,55.629462,75.13048067,66.36705533
600.589355,54.92358767,69.13984167,55.67123667,75.225258,66.48651867
600.930054,54.970343,69.20843733,55.729983,75.20583833,66.53855
601.270752,55.04427233,69.25949067,55.76665533,75.22803233,66.57241433
601.611389,55.14078033,69.22134167,55.72955433,75.19709033,66.46514233
601.951965,55.05114867,69.198728,55.85126233,75.37114467,66.55694967
602.29248,55.017324,69.19559467,55.88746767,75.49039467,66.605765
602.632996,55.02568167,69.26762633,55.95092,75.49571467,66.58502333
602.97345,55.05940267,69.26160967,55.96720367,75.453565,66.61055133
603.313843,55.13212433,69.281123,56.021867,75.603007,66.61396433
603.654175,55.16888033,69.238889,56.06453567,75.67178867,66.67173733
603.994507,55.12641033,69.19147467,56.01237867,75.67238633,66.781353
604.334778,55.17863733,69.264379,55.98287933,75.76269533,66.82133767
604.675049,55.166444,69.301061,55.94598367,75.77218867,66.904972
605.015259,55.179511,69.247798,55.90570067,75.80432133,66.939776
605.355347,55.10308467,69.21168,55.91854733,75.793912,66.818705
605.695435,54.99824167,69.16127,55.90910633,75.78646833,66.78930033
606.035461,54.91469333,69.250188,55.85094467,75.74526467,66.75433333
606.375488,54.94649767,69.186099,55.83709833,75.72340867,66.79028933
606.715454,54.98470433,69.12082667,55.903997,75.761706,66.88218333
607.05542,54.99983367,69.147151,55.986651,75.73693867,66.82274767
607.395325,54.957619,69.17466,55.96933867,75.60926833,66.878325
607.735168,54.91380167,69.15375,55.94955067,75.57967633,66.85294367
608.074951,54.94583633,69.20597067,55.866656,75.54190333,66.89491533
608.414673,54.86953233,69.15606667,55.834797,75.46785467,66.87697233
608.754395,54.800803,69.19639333,55.83319333,75.43105567,67.011415
609.094055,54.74616,69.26941667,55.757656,75.32558967,67.03042467
609.433655,54.74227533,69.33570367,55.74675767,75.252627,67.03480667
609.773315,54.72843567,69.20363867,55.71338167,75.253479,67.07428967
610.112854,54.76528933,69.26545733,55.690758,75.206805,67.10857033
610.452332,54.66127533,69.22045633,55.65762333,75.05272933,67.09593567
610.791748,54.62917067,69.32641867,55.65101733,74.968348,67.01231667
611.131165,54.61327367,69.37357833,55.71101633,74.98515067,67.01072833
611.47052,54.57065833,69.285833,55.77839167,74.93691233,67.01505267
611.809753,54.60988367,69.333547,55.80298467,74.90465667,66.93041633
612.149109,54.54303833,69.41972833,55.78447733,74.87792067,66.97690067
612.488403,54.50512667,69.42732,55.75233467,74.85232933,67.05917333
612.827515,54.53199633,69.51519267,55.72856633,74.908966,67.14198433
613.166626,54.63212967,69.52089433,55.86947767,75.008349,67.204226
613.505737,54.644301,69.574224,55.82682433,75.01419567,67.27409367
613.844849,54.65210967,69.71134167,55.862535,75.066175,67.32432333
614.183838,54.69620367,69.86202233,55.84962867,75.00318133,67.489999
614.522766,54.825264,69.86667133,55.89999,75.25374833,67.492336
614.861694,54.880394,70.04407,55.879158,75.33528633,67.46963767
615.200623,54.81047067,69.98890967,55.95284667,75.43295767,67.52059667
615.539429,54.92230733,70.02213567,56.078453,75.561025,67.54653933
615.878174,54.96395133,69.999804,56.06649533,75.50243867,67.55959567
616.21698,55.082779,70.01819867,56.08126467,75.604141,67.54854733
616.555664,55.052049,70.06050633,56.100679,75.596896,67.61378967
616.894287,55.037398,70.29878,56.06844867,75.45529667,67.68458433
617.23291,55.02116133,70.27832567,56.13655967,75.38755567,67.8022
617.571472,55.032687,70.364428,56.14289967,75.44192733,67.75282267
617.910034,55.092149,70.40548967,56.18545133,75.53960933,67.850175
618.248535,55.11775067,70.31714633,56.22523367,75.58904267,67.869717
618.586975,55.12124367,70.33481567,56.30250933,75.52599333,67.795527
618.925293,55.00731267,70.28652933,56.31746533,75.47810633,67.849935
619.263672,55.07346867,70.283976,56.34624767,75.53314733,67.81111667
619.60199,55.13554233,70.327105,56.43335333,75.58774833,67.85696533
619.940247,55.14632167,70.284251,56.47874567,75.45218633,67.82808167
620.278442,55.16774267,70.211624,56.44326633,75.44058733,67.79847967
620.616638,55.16711267,70.18019867,56.47315833,75.42464467,67.784798
620.954773,55.127439,70.222781,56.441256,75.324979,67.80969767
621.292847,55.120351,70.103864,56.468306,75.403221,67.86121367
621.630859,55.08141567,70.06173667,56.44419267,75.38704333,67.82131567
621.968872,55.107249,69.96612533,56.47859333,75.26923133,67.84098167
622.306763,55.23143633,69.96598567,56.45504,75.215998,67.876278
622.644653,55.164206,69.96677667,56.428791,75.09142433,68.000388
622.982605,55.15790167,70.00625867,56.46980667,75.158511,67.99862033
623.320435,55.244774,69.95882933,56.546402,75.05968867,67.97458667
623.658203,55.285567,69.93612167,56.55987033,75.07362467,67.92844133
623.995911,55.27670933,69.89290367,56.578682,75.30303333,67.78656267
624.333618,55.26215633,69.808601,56.61185467,75.46514133,67.65970367
624.671204,55.249373,69.84844467,56.67943933,75.40232367,67.68256767
625.00885,55.206202,69.87052667,56.66655233,75.311063,67.675293
625.346375,55.252383,69.90895067,56.590243,75.175676,67.59991333
625.683899,55.26341367,69.91887133,56.540483,75.26020433,67.67626467
626.021362,55.276324,69.84746533,56.47748433,75.263299,67.64204533
626.358765,55.22418567,69.901624,56.4554,75.225366,67.65806467
626.696167,55.255488,69.87392433,56.39176933,75.17688633,67.625027
627.033447,55.24791233,69.877617,56.42370733,75.14914333,67.61581533
627.370728,55.24525567,69.89130133,56.44031367,75.154451,67.65055067
627.708008,55.28386067,69.95062767,56.45396667,75.11597933,67.65733467
628.045166,55.33371733,69.93604767,56.424292,75.17274367,67.586689
628.382385,55.38427733,69.93050133,56.32383233,75.084198,67.52529633
628.719421,55.314608,69.93399033,56.306526,75.02142333,67.628511
629.056519,55.23953367,69.92527533,56.18999133,74.99465567,67.660778
629.393494,55.197464,69.958931,56.17311233,74.92803833,67.578617
629.730469,55.24437467,69.90525067,56.072301,75.004556,67.465052
630.067383,55.22764367,69.89844,55.98488633,74.98067333,67.52865467
630.404297,55.131467,69.93566133,55.908675,75.06671933,67.66411933
630.74115,55.23396567,69.84827933,55.821752,75.05270633,67.76644133
631.077942,55.28094367,69.76292167,55.80081833,74.91390767,67.895803
631.414673,55.29308067,69.75515233,55.724204,74.93309767,67.910188
631.751404,55.35825733,69.69444,55.662688,74.88413267,67.87696333
632.088074,55.412857,69.50079833,55.58322267,74.92702967,67.86730333
632.424622,55.37927267,69.48795067,55.51477167,75.002861,67.92755867
632.761169,55.32878367,69.51266467,55.48209,74.91903933,67.87371167
633.097717,55.38473,69.58901733,55.47904467,75.008944,67.874934
633.434204,55.46741067,69.515757,55.50229367,74.934976,67.86962533
633.770691,55.41302367,69.52079033,55.454802,74.879941,67.910839
634.107056,55.42281433,69.55136867,55.38652167,75.00619733,67.962826
634.443359,55.41572833,69.54407767,55.36179367,74.976298,68.02170167
634.779663,55.34311167,69.52871967,55.31093867,75.123772,68.07173433
635.115906,55.355305,69.51529967,55.27293633,75.13062033,68.105878
635.452087,55.38098,69.59828167,55.40527067,75.160169,68.137619
635.788269,55.449749,69.593366,55.34451033,75.243838,68.16024033
636.12439,55.529616,69.577474,55.41858067,75.329951,68.18336867
636.46051,55.60804767,69.53179633,55.33541967,75.43202967,68.221551
636.796509,55.568746,69.66125767,55.35065067,75.446907,68.33052967
637.132507,55.62332167,69.636271,55.385742,75.45111333,68.25172033
637.468445,55.66849,69.62275167,55.37530633,75.48220067,68.11740733
637.804321,55.64172467,69.697942,55.43034733,75.55472067,68.110513
638.140198,55.66657367,69.700793,55.47264333,75.699422,68.008742
638.475952,55.72659167,69.80913533,55.528665,75.671341,67.986946
638.811707,55.70399767,69.71632367,55.529935,75.81011967,68.12781033
639.147461,55.65804033,69.97487633,55.4908,75.93205267,68.17842233
639.483154,55.613454,70.00337733,55.57512,76.028549,68.13731267
639.818726,55.70919933,69.945882,55.533456,76.09199267,68.340955
640.154358,55.74772133,69.878197,55.47150433,76.061437,68.395532
640.489868,55.532838,69.919286,55.42551333,76.15945933,68.399691
640.825317,55.63838467,69.873947,55.45899567,76.284378,68.41228733
641.160767,55.60531233,69.71591967,55.465224,76.187701,68.39927567
641.496155,55.63823067,69.72199233,55.36415467,76.06705733,68.359066
641.831543,55.656222,69.74947333,55.407173,76.06569433,68.35201633
642.16687,55.697029,69.76664467,55.44309633,76.08800733,68.338613
642.502136,55.72712467,69.74308267,55.32913833,76.16749833,68.297709
642.837341,55.779804,69.773206,55.42792,76.04648333,68.31780733
643.172485,55.75061433,69.79765567,55.56156267,75.98903667,68.27277133
643.507568,55.68245433,69.83436833,55.70053367,75.944702,68.28350467
643.842651,55.77745033,69.78643533,55.73963433,75.904935,68.31968933
644.177673,55.732558,69.73156267,55.771736,75.85691333,68.44813533
644.512695,55.760034,69.71089133,55.79315967,75.81578833,68.71025467
644.847656,55.79885233,69.582133,55.85088467,75.853841,68.687693
645.182556,55.732137,69.772242,55.833181,75.781848,68.73656467
645.517395,55.715987,69.80516533,55.74989467,75.66284167,68.83523433
645.852173,55.723853,69.98341367,55.760291,75.540377,68.765682
646.186951,55.725788,69.86181133,55.746432,75.494387,68.81646333
646.521667,55.74303167,69.92048367,55.77090067,75.45769767,68.880896
646.856323,55.77672067,70.005239,55.85514433,75.515658,68.742813
647.190979,55.76136767,70.05376667,56.03822333,75.61171467,68.864784
647.525574,55.88236867,69.94286067,55.95270767,75.57369733,68.896843
647.860107,55.93779467,69.903572,55.923758,75.46084867,68.88655767
648.19458,56.08618167,70.01048767,56.04700633,75.56055433,68.910427
648.529053,56.00234367,69.99257167,56.16736733,75.66603367,68.878979
648.863403,56.02643967,69.992564,56.145302,75.659607,68.872119
649.197754,55.94702033,69.98664833,56.08186733,75.60928333,68.923996
649.532043,55.87096933,70.057996,56.14467867,75.555547,68.98333233
649.866333,55.84597167,70.159485,56.067581,75.62474567,68.892409
650.2005,55.87221267,70.22776033,55.88881067,75.64703867,68.97090633
650.534729,55.786714,70.19452933,55.91615833,75.73920433,69.01334667
650.868774,55.819354,70.25199367,55.857006,75.71977233,68.99034633
651.202942,55.79462167,70.27658067,55.756494,75.835274,69.06354533
651.536926,55.86504233,70.40875233,55.74732233,75.88394933,68.91475667
651.87085,55.71274333,70.586337,55.68228267,75.807963,68.932317
652.204834,55.81643167,70.44762667,55.639329,75.76931767,68.924206
652.538757,55.78286867,70.36220567,55.65816867,75.89496367,68.805112
652.87262,55.76298633,70.346705,55.71238067,76.14780433,68.930265
653.20636,55.79118467,70.30528267,55.79540633,76.12017533,68.925916
653.540161,55.87435267,70.18828833,55.78682333,76.134964,68.97063567
653.87384,55.83497233,70.136711,55.84987,76.10713967,68.97759633
654.20752,55.80615833,70.178828,55.74866367,76.071116,68.932743
654.541077,55.86468267,70.237587,55.842289,76.11705,68.88188033
654.874695,55.75238433,70.30415833,55.883686,76.262255,68.97536967
655.208252,55.75272633,70.33282233,55.814899,76.29776267,68.95297133
655.541687,55.839334,70.27134967,55.85329333,76.42444867,68.89975
655.875122,55.84286867,70.16759467,55.95407867,76.393781,68.95303133
656.208496,55.85447433,70.066378,56.12843733,76.39920033,68.93304567
656.541809,55.81494167,70.04301467,56.18536,76.51056667,68.97204833
656.875122,55.79140967,69.997523,56.269352,76.37715133,69.005394
657.208374,55.899193,70.00153833,56.42085267,76.374629,69.03135167
657.541626,56.062636,69.91429367,56.494736,76.44342033,69.097664
657.874817,56.087837,69.95564,56.532941,76.43558733,69.05482233
658.207947,56.16997133,70.02917,56.62068933,76.493421,68.90529633
658.540955,56.10922867,70.048813,56.66520567,76.51956667,68.944159
658.873962,56.17854833,70.01167533,56.65412667,76.48924533,68.91575867
659.206909,56.09483833,70.13112633,56.75924333,76.600192,68.96151467
659.539856,56.131892,70.16142267,56.92540733,76.598117,69.05580933
659.872742,56.133227,70.117063,56.904392,76.58596033,68.954327
660.205566,56.11887,70.22691067,57.051956,76.648735,69.00769067
660.538391,56.11899967,70.27472433,56.982005,76.70240533,69.04106233
660.871155,56.15905,70.19461567,56.91638567,76.79541267,68.99329
661.203796,56.22828167,70.19303867,56.99371833,76.80552167,68.92260867
661.536438,56.223188,70.242315,57.077985,76.63695767,68.96557733
661.86908,56.235316,70.22644533,57.20373533,76.501709,69.00498967
662.201599,56.22985967,70.173281,57.16701867,76.344299,69.010639
662.534119,56.25549833,70.23663867,57.130679,76.32475,69.105746
662.866577,56.29521833,70.217491,57.12904,76.176412,69.05687233
663.199036,56.37628433,70.191577,57.031339,76.078583,69.12699633
663.531372,56.404697,70.18976867,56.98994733,76.07203433,69.03932033
663.863708,56.50851733,70.18197367,56.97684133,76.14981333,69.06526933
664.195923,56.48587667,70.156362,56.91511,76.257744,68.98496767
664.528198,56.47243367,70.27969333,56.79427967,76.22001667,68.838103
664.860352,56.392507,70.115425,56.783956,76.43396767,68.93789933
665.192505,56.29984267,70.01180767,56.85062433,76.27204667,69.00245667
665.524658,56.23182333,69.84106167,56.74147167,76.14959433,68.99040333
665.856689,56.25769033,69.88206967,56.78247433,76.21838367,69.02918133
666.188721,56.36177467,69.65784967,56.78368767,76.12728133,68.97808967
666.52063,56.25037533,69.60075633,56.77662167,76.031184,68.97380867
666.852478,56.28716533,69.680064,56.843854,75.91270467,69.10584
667.184387,56.34672933,69.578074,56.77874,75.835528,69.05740633
667.516174,56.25834933,69.45191967,56.82452267,75.819804,68.92386633
667.8479,56.30831033,69.51899733,56.822506,75.727127,69.035198
668.179688,56.32545733,69.57050067,56.72930667,75.76012167,69.298935
668.511353,56.42142467,69.56512933,56.63720433,75.991915,69.24640033
668.843018,56.40087,69.470965,56.532613,76.08443733,69.196289
669.1745,56.32715867,69.491529,56.52199933,76.19312533,69.26543933
669.506104,56.29979833,69.517713,56.52529533,76.07409167,69.428702
669.837524,56.28256,69.54852533,56.51552833,76.223,69.55557767
670.169006,56.25513867,69.74616467,56.42457067,76.39681733,69.494179
670.500366,56.30481567,69.775846,56.48640567,76.435214,69.608475
670.831787,56.128006,69.721438,56.48054,76.465291,69.74406433
671.163086,56.03851833,69.66932667,56.60874167,76.43595367,69.88778033
671.494324,56.20125833,69.72220867,56.676989,76.23135867,69.96878567
671.8255,56.25114067,69.846418,56.65498067,76.00437933,70.01772667
672.156616,56.47651267,69.87072767,56.63356933,75.996605,70.204695
672.487732,56.522395,70.02170067,56.72775767,76.08190933,70.22314333
672.818848,56.569682,69.94501733,56.79928967,76.05030333,70.269399
673.149841,56.61146533,70.07966133,56.73783133,76.02483133,70.34795233
673.480835,56.65594367,70.12289433,56.61896533,76.113922,70.47906633
673.811768,56.71609767,70.00786567,56.46961967,75.99939233,70.48706933
674.142639,56.64618567,70.151057,56.43609367,75.94540933,70.537908
674.47345,56.599069,70.33711233,56.45502233,75.94247167,70.62831233
674.80426,56.54630533,70.338122,56.426155,75.98545333,70.61806
675.134949,56.509983,70.33843467,56.463023,75.97654733,70.434443
675.465698,56.44697933,70.38615133,56.33082067,76.08799967,70.52575833
675.796326,56.37455133,70.64411667,56.37006767,76.119438,70.658278
676.126953,56.30645233,70.83707933,56.369039,76.15225733,70.574852
676.457458,56.342838,71.00434367,56.275154,76.11152667,70.530338
676.787964,56.40574767,70.957362,56.19353967,76.067276,70.458641
677.118408,56.29848833,70.89942433,56.321434,76.02783467,70.466217
677.448853,56.27159867,70.949918,56.17847667,75.998469,70.42947767
677.779175,56.46632633,71.06900533,56.02070767,75.98531333,70.22847
678.109558,56.39609533,71.13416567,55.85240833,75.966789,70.10612867
678.439758,56.15147433,71.03488933,55.77880733,76.083987,70.123169
678.77002,56.12600333,71.02506767,55.85143,76.29657967,70.09421433
679.100159,56.051347,71.04831433,55.870847,76.38490533,69.86482333
679.430298,56.10503267,70.885292,55.880881,76.32493067,69.80414733
679.760376,56.07381567,70.908506,55.74800233,76.231084,69.86928967
680.090393,55.91187067,70.91006467,55.676567,76.340172,69.99921933
680.42041,55.90181367,70.96579,55.65021267,76.36326067,69.97663867
680.750305,55.81809,71.00533533,55.56251133,76.46530133,69.98618933
681.0802,55.768767,70.90597767,55.492916,76.501208,69.88924033
681.410034,55.91762933,70.919787,55.48176967,76.46417233,69.99886967
681.739807,55.86644633,71.05657433,55.410141,76.44049833,70.02383967
682.06958,55.83759933,71.14385733,55.37560667,76.309489,70.135424
682.399292,55.81486633,71.05935433,55.481584,76.16651433,70.15278133
682.728943,55.92786433,70.999779,55.38684467,76.28392033,70.10076767
683.058594,55.959944,70.804507,55.35149,76.19481133,70.245238
683.388123,55.99062733,70.806938,55.42720933,76.28240467,70.14549133
683.71759,56.037108,70.946345,55.45104733,76.38412267,69.97277067
684.047058,56.07104233,71.01063033,55.47880567,76.374456,70.01946133
684.376465,55.935659,70.85969,55.534424,76.30067467,70.02241267
684.705811,55.82959,70.824079,55.57394,76.15532667,70.23538733
685.035095,55.89792867,70.72857167,55.54444867,76.29197433,70.371972
685.36438,55.90763367,70.831945,55.50725667,76.39290333,70.35572167
685.693665,55.84281933,70.82167267,55.37588767,76.26858267,70.23379533
686.022888,55.72460067,70.88853733,55.32450767,76.19837967,70.19510633
686.351929,55.72790667,70.94996667,55.145541,76.20631633,70.265714
686.68103,55.70380033,70.912445,55.17198833,76.25709533,70.189363
687.010071,55.77428433,70.80966433,55.273012,76.16410067,69.99373733
687.33905,55.86522167,70.72605367,55.25543967,76.05277733,69.93517667
687.66803,55.93235133,70.69989533,55.334994,75.973694,69.931806
687.996887,55.974977,70.62051133,55.415137,76.01551833,70.08337133
688.325745,55.94609167,70.427465,55.39657733,75.96628333,70.050494
688.654602,56.07558733,70.34018967,55.54721433,76.01705933,70.10532633
688.983276,56.183384,70.22812133,55.49770967,76.077217,69.998932
689.312012,56.25047033,70.357918,55.50163267,76.10054767,70.03401833
689.640625,56.17730167,70.38439167,55.45785033,76.04253133,69.899979
689.969238,56.32073067,70.39780667,55.60622533,76.236122,69.76145667
690.297791,56.22235,70.35955067,55.560851,76.37899533,69.751175
690.626282,56.13067133,70.22206133,55.533956,76.350085,69.96665067
690.954834,56.14769733,70.212606,55.38499933,76.367907,69.882085
691.283203,56.282163,70.31920867,55.36573667,76.54400933,69.816129
691.611572,56.340627,70.34831233,55.44758333,76.85090367,69.66967767
691.93988,56.32359067,70.43687667,55.495368,76.65035267,69.57362733
692.268127,56.26423,70.38222767,55.46007533,76.595118,69.72648733
692.596375,56.25998567,70.37226133,55.32701767,76.61642967,69.86333467
692.9245,56.26869467,70.35561867,55.21653133,76.67146033,69.97986967
693.252625,56.23316867,70.38265467,55.27289567,76.81580867,69.86763033
693.58075,56.254702,70.37674433,55.33497,76.857099,69.99999367
693.908813,56.302391,70.32753267,55.24343367,76.81934367,70.22040167
694.236755,56.28521333,70.28882367,55.230471,76.94321167,70.21802033
694.564697,56.29535433,70.36565667,55.26514967,77.01802567,70.18194833
694.892517,56.316227,70.45145433,55.27537167,76.84982567,70.240059
695.220398,56.34664033,70.553131,55.34301233,76.998871,70.158863
695.548157,56.279508,70.57310733,55.31049233,77.045586,70.09226233
695.875916,56.29038767,70.417099,55.330902,77.140831,69.96362433
696.203613,56.30233633,70.29608167,55.362465,77.08826433,69.96916567
696.531311,56.37247333,70.27962,55.472557,76.909332,70.108004
696.858887,56.22304933,70.160164,55.44054033,76.698845,70.204273
697.186401,56.20032633,70.18867233,55.43178433,76.518509,70.26985167
697.513916,56.30780667,70.20606467,55.46565233,76.40693167,70.18788133
697.84137,56.29307567,70.14617167,55.59857067,76.31076833,70.38123333
698.168762,56.344125,70.16010033,55.425751,76.16113533,70.452896
698.496155,56.24915933,70.03686,55.47602067,76.0731,70.40099967
698.823486,56.24705733,70.07273633,55.56157167,76.131035,70.48639067
699.150757,56.417413,70.086507,55.585257,76.20871733,70.347219
699.477905,56.57025133,70.03031433,55.73430267,76.271853,70.353522
699.805054,56.678468,69.92601233,55.93822233,76.18455733,70.34186067
700.132202,56.66062567,69.84214267,56.061391,76.013654,70.36353933
