wl,PgBW8.W,PgBW10.W
300.031616,87.155042,44.77147
300.402832,87.37324767,44.68460067
300.773987,87.668968,44.678333
301.145111,87.97677367,44.63615933
301.516174,88.15284733,44.57413633
301.887207,88.538129,44.45675167
302.258301,88.71731067,44.35745733
302.629303,88.874967,44.272638
303.000305,88.89596833,44.12276967
303.371216,89.00588733,44.00172833
303.742126,89.25609333,43.84423967
304.113037,89.294253,43.586796
304.483856,89.231079,43.29603567
304.854736,89.23220333,43.077128
305.225525,89.01441467,42.833729
305.596283,88.88343067,42.59418633
305.967041,88.97581467,42.19524267
306.337769,88.757342,41.88702
306.708405,88.620252,41.52455867
307.079071,88.45865633,41.20638433
307.449677,88.09134667,40.91124833
307.820313,87.73438,40.65433233
308.190857,87.54438767,40.423275
308.561401,87.21587133,40.12459167
308.931915,87.05797567,39.79486867
309.302399,86.710536,39.60059233
309.672821,86.18869267,39.32920833
310.043243,85.666542,39.02861633
310.413635,85.26966367,38.75526433
310.784027,84.82818867,38.560056
311.154327,84.76415233,38.23827933
311.524628,84.30770867,38.003345
311.894928,83.89930433,37.71690033
312.265167,83.57262467,37.38867
312.635345,83.37880967,37.12075367
313.005524,83.16484833,36.82406867
313.375671,82.912641,36.56646867
313.745819,82.689125,36.38608667
314.115906,82.418442,36.116023
314.485962,82.08570633,35.92959433
314.855988,81.78460433,35.71732133
315.225983,81.540909,35.485789
315.595947,81.47255433,35.20420767
315.965912,81.17247033,34.82811167
316.335815,80.80730167,34.50752733
316.705688,80.46671533,34.21206967
317.075562,80.40603133,34.08986433
317.445374,80.16948167,33.903336
317.815216,80.158043,33.72589667
318.184967,79.95743567,33.47262533
318.554688,80.02932733,33.23519067
318.924377,79.778679,32.98086667
319.294037,79.52766433,32.66006167
319.663696,79.645246,32.299128
320.033295,79.43385333,32.05502633
320.402924,78.97497567,31.85419033
320.772461,78.79769633,31.66562067
321.141968,78.41539767,31.499501
321.511475,78.086014,31.23147
321.88092,77.737991,31.00679233
322.250366,77.39440133,30.778274
322.619751,77.00526933,30.547247
322.989136,76.70321667,30.25774
323.35849,76.214541,30.08114467
323.727814,75.95206433,29.966629
324.097107,75.702342,29.80818467
324.466339,75.42524467,29.76625433
324.835541,74.942314,29.50339067
325.204712,74.616109,29.29524567
325.573914,74.394282,29.10591167
325.943024,74.303022,28.97141733
326.312164,73.97324367,28.887488
326.681244,73.42085533,28.765197
327.050262,73.224368,28.664155
327.41925,72.82475033,28.69177867
327.788239,72.654523,28.720169
328.157166,72.42221067,28.63207167
328.526123,72.210556,28.58030067
328.894989,72.00531,28.51168667
329.263885,71.53735867,28.45840133
329.63269,71.36325567,28.36657133
330.001495,71.19694267,28.28384667
330.37027,71.00462867,28.21966133
330.738983,70.68785867,28.209925
331.107697,70.595744,28.163527
331.476379,70.45732133,28.13790767
331.845032,70.32207233,28.09021267
332.213654,70.211764,27.97000933
332.582245,70.17419433,27.935854
332.950806,69.967224,28.01512967
333.319305,69.780688,28.081268
333.687775,69.412529,28.146932
334.056244,69.27643333,28.19086
334.424683,69.22846733,28.13675367
334.793091,69.15218867,28.13271067
335.161499,68.79714967,28.115213
335.529785,68.586662,28.176467
335.898132,68.572642,28.20292767
336.266388,68.27162667,28.2207
336.634613,68.21639767,28.15616467
337.002838,68.248586,28.120271
337.371033,68.16123433,28.186446
337.739197,68.02443733,28.31852
338.10733,67.90705867,28.42158633
338.475433,67.93457833,28.450669
338.843475,67.89226533,28.38526967
339.211517,67.62543233,28.37439033
339.579498,67.510086,28.50255167
339.947449,67.31417833,28.60868067
340.31543,67.16120933,28.77420233
340.683289,67.151904,28.79533333
341.051208,66.874176,28.90670167
341.419067,66.81526833,28.90616867
341.786865,66.70374967,28.92966433
342.154663,66.54813,29.04417567
342.522369,66.34946167,29.25926033
342.890076,66.39417267,29.375689
343.257813,66.21518333,29.406383
343.625458,65.97835567,29.52879267
343.993134,66.02517967,29.633221
344.360718,65.799123,29.75414333
344.728271,65.657126,29.97004833
345.095795,65.48303467,30.074201
345.463287,65.31978833,30.11123667
345.83075,65.15968433,30.21413367
346.198212,65.01671233,30.39436433
346.565613,64.76230133,30.56595533
346.933014,64.72917067,30.782327
347.300354,64.58115767,30.80881933
347.667694,64.45418167,30.95849467
348.034973,64.407487,31.10124667
348.402222,64.31931433,31.301316
348.769409,64.34050733,31.406089
349.136627,64.292376,31.70260167
349.503784,64.24270367,31.860246
349.870911,64.19807933,32.150407
350.238007,64.13727067,32.289294
350.605072,63.904447,32.48332667
350.972107,63.85725667,32.687309
351.339111,63.733541,32.86497167
351.706085,63.61664733,32.97628167
352.073029,63.62936367,33.210448
352.439972,63.46836467,33.49184033
352.806824,63.34319167,33.68824833
353.173676,63.29213467,33.86929367
353.540466,63.28284067,34.08172333
353.907257,63.20887767,34.267324
354.273987,63.06055833,34.50783667
354.640747,62.85559733,34.69530167
355.007446,62.739741,34.91829433
355.374115,62.577391,35.101256
355.740723,62.393356,35.30044033
356.1073,62.25046267,35.454444
356.473846,62.07248433,35.68134067
356.840393,62.039514,35.87226567
357.206879,61.864751,36.05234467
357.573364,61.66360867,36.21560533
357.939789,61.550121,36.36798867
358.306213,61.58518233,36.48525867
358.672577,61.41994467,36.646987
359.03891,61.37743267,36.79428033
359.405212,61.29950833,37.00618367
359.771484,61.132595,37.18069533
360.137695,61.095885,37.23921333
360.503937,61.07291267,37.41194667
360.870148,60.95559467,37.59988667
361.236298,60.90455,37.825559
361.602417,60.74120967,38.046833
361.968475,60.679239,38.23674167
362.334503,60.681975,38.46429933
362.700562,60.64853267,38.717809
363.066528,60.655304,38.91873267
363.432526,60.60792133,39.09704333
363.798431,60.57706067,39.32477567
364.164337,60.58693933,39.47628667
364.530182,60.45534133,39.589686
364.895996,60.36985033,39.82537833
365.26181,60.34124733,40.05926767
365.627563,60.22123833,40.37116
365.993286,60.06502933,40.744133
366.359009,59.979669,41.02394333
366.72467,59.946307,41.37005633
367.090302,59.728157,41.672901
367.455902,59.70933133,41.886275
367.821503,59.582451,42.163938
368.187012,59.48244833,42.382407
368.552521,59.43521967,42.65680467
368.917999,59.33442067,42.780571
369.283447,59.28289167,43.01166533
369.648865,59.269872,43.214873
370.014282,59.176023,43.39772033
370.379608,59.141472,43.51482533
370.744904,59.08544567,43.641926
371.110168,59.04636,43.852563
371.475403,58.86396667,44.034748
371.840637,58.78288267,44.14988433
372.205841,58.74263633,44.36402767
372.570984,58.740121,44.52456667
372.936127,58.73313133,44.549464
373.301208,58.73683933,44.76562767
373.66626,58.648567,44.888372
374.03125,58.66716233,45.00179667
374.39624,58.58515933,45.07627967
374.7612,58.495608,45.09583933
375.12616,58.46791067,45.107254
375.491028,58.459104,45.22314833
375.855927,58.35149667,45.272821
376.220734,58.26215767,45.33978533
376.585541,58.12104567,45.38953033
376.950287,58.07479467,45.43206667
377.315002,58.09715267,45.486023
377.679688,58.02880967,45.49481967
378.044373,57.893078,45.55027
378.408997,57.77886833,45.66781133
378.773621,57.745284,45.71140033
379.138184,57.68313367,45.722505
379.502716,57.61645633,45.82746533
379.867188,57.524493,45.84334533
380.231659,57.37280033,45.87152333
380.5961,57.30993133,46.01803867
380.96051,57.239049,45.91015133
381.324921,57.182112,45.85861967
381.68924,57.04881033,45.91168067
382.053528,56.94319667,45.96933
382.417816,56.92859767,46.12384433
382.782013,56.83428067,46.23903533
383.14621,56.70328,46.16686633
383.510406,56.76028167,46.266506
383.874542,56.80776833,46.24905667
384.238678,56.79162633,46.27535733
384.602753,56.78371167,46.23497167
384.966766,56.573832,46.30747233
385.33078,56.47755833,46.290835
385.694763,56.43200667,46.36789067
386.058685,56.369254,46.40381733
386.422607,56.31791933,46.373085
386.786499,56.259881,46.409139
387.15036,56.191672,46.41388967
387.51413,56.01284433,46.40423967
387.87793,56.01341133,46.37550467
388.241669,55.89918133,46.33132033
388.605377,55.80063233,46.35146567
388.969025,55.75339133,46.42032367
389.332703,55.76362833,46.38202067
389.69632,55.694139,46.345862
390.059875,55.57932167,46.32550533
390.423431,55.630568,46.38499967
390.786957,55.68147767,46.47010167
391.150421,55.56915033,46.483214
391.513855,55.428806,46.461483
391.877228,55.37316933,46.49264367
392.240631,55.23455067,46.480371
392.604004,55.21339667,46.446002
392.967316,55.17486167,46.52918967
393.330597,55.12879167,46.51722967
393.693848,55.17033133,46.52132167
394.057037,55.11031333,46.50441733
394.420197,55.19758233,46.56859067
394.783325,55.23170733,46.61392833
395.146484,55.25874333,46.68747333
395.509552,55.27356967,46.72070033
395.87262,55.25664133,46.80321
396.235596,55.260366,46.877177
396.598572,55.220908,46.87736767
396.961517,55.22081367,46.964892
397.324432,55.24905767,47.06502533
397.687286,55.24742233,47.101443
398.05014,55.175631,47.09236767
398.412964,55.08481367,47.10906567
398.775757,55.05728533,47.12703067
399.138489,55.20685333,47.17017333
399.50119,55.33148067,47.16961767
399.863861,55.42075367,47.24994933
400.226471,55.473896,47.22417833
400.589081,55.464502,47.13369
400.951691,55.56719067,47.096887
401.314209,55.428365,47.07872
401.676758,55.43649533,47.09618767
402.039185,55.33372467,47.02622467
402.401642,55.29412067,47.05941633
402.764038,55.29385,47.09576533
403.126404,55.20090467,47.13620533
403.488739,55.21366767,47.08491867
403.851074,55.127504,47.07608567
404.213348,55.14055367,47.09487167
404.575592,55.03324133,47.14269767
404.937775,54.907421,47.20722567
405.299927,54.91684433,47.25932467
405.662048,54.86440267,47.29428233
406.024139,54.84593333,47.27798333
406.3862,54.76210167,47.24118167
406.74826,54.55617533,47.288915
407.11026,54.502552,47.404428
407.47226,54.428482,47.37241867
407.834167,54.39276367,47.432557
408.196075,54.38877967,47.57925033
408.557892,54.22206467,47.62232567
408.919739,54.23379633,47.65178067
409.281494,54.19233833,47.745425
409.64328,54.199932,47.84443933
410.005035,54.13608167,47.86764267
410.36673,54.116709,47.912627
410.728394,54.15298733,47.891294
411.089966,54.16170133,47.99057767
411.451569,54.138424,48.01959467
411.813141,54.16932267,48.065572
412.174652,54.12005733,48.013847
412.536163,54.12340667,47.996933
412.897644,54.09215533,47.99419667
413.259033,54.02484633,47.97062667
413.620392,53.89710867,47.95982867
413.98172,53.859215,48.093928
414.343048,53.86929067,48.15729767
414.704315,53.78326933,48.18563833
415.065582,53.61142867,48.21715167
415.426788,53.518819,48.23835233
415.787994,53.43502433,48.15276367
416.149109,53.459076,48.08665833
416.510223,53.36526133,48.020593
416.871307,53.26256567,47.96107467
417.23233,53.150101,47.847027
417.593323,53.05612033,47.713651
417.954315,52.97074867,47.72602467
418.315247,52.87235633,47.67451067
418.676178,52.73035033,47.624466
419.037048,52.68350967,47.62389133
419.397858,52.60001633,47.59748967
419.758636,52.65375133,47.619118
420.119415,52.606996,47.61014067
420.480103,52.59065533,47.573381
420.840851,52.57211433,47.49018333
421.201477,52.56727367,47.51041133
421.562134,52.54355533,47.47322067
421.922729,52.570324,47.48308967
422.283264,52.499546,47.44257867
422.643799,52.586174,47.427189
423.004242,52.54414267,47.40140633
423.364685,52.50359333,47.44836533
423.725128,52.47124733,47.45184833
424.08551,52.51264333,47.488688
424.445892,52.49371833,47.493094
424.806183,52.494727,47.60275767
425.166473,52.493866,47.713796
425.526703,52.55175533,47.721133
425.886902,52.534533,47.805289
426.24707,52.57824467,47.88275167
426.607208,52.59786733,47.96676633
426.967316,52.648659,48.02940867
427.327393,52.60800033,48.141383
427.687439,52.63811867,48.20560833
428.047394,52.65191267,48.29425433
428.407379,52.689032,48.50362633
428.767303,52.75557067,48.65061067
429.127167,52.80403133,48.709057
429.487061,52.73703233,48.716882
429.846863,52.81927733,48.80349867
430.206665,52.79186367,48.908179
430.566437,52.800935,49.021823
430.926117,52.839718,49.07717133
431.285828,52.83955,49.182958
431.645447,52.798645,49.243707
432.005035,52.82215767,49.32519667
432.364655,52.892114,49.29247767
432.724182,52.91051867,49.33908067
433.08371,52.8534,49.38042233
433.443207,52.93992733,49.417174
433.802582,52.946813,49.406213
434.162018,52.957368,49.375361
434.521362,52.900814,49.393234
434.880676,52.90052667,49.32616067
435.23999,52.87243167,49.33395
435.599243,52.83874267,49.38100667
435.958496,52.77354567,49.353373
436.317657,52.755717,49.258017
436.676819,52.72542567,49.238093
437.03595,52.75374333,49.22802233
437.39502,52.70431633,49.17426533
437.754059,52.63991167,49.15839133
438.113068,52.63911933,49.12855667
438.472046,52.65451033,49.11040867
438.830994,52.65730433,49.10020333
439.189911,52.59327167,49.16115967
439.548798,52.57341133,49.15399933
439.907593,52.45203033,49.16982133
440.266388,52.39114767,49.13562
440.625122,52.34846633,49.14734
440.983856,52.240391,49.196481
441.342621,52.1539,49.258596
441.701263,52.054516,49.24755833
442.059875,51.94028733,49.269329
442.418457,51.93209367,49.29977033
442.777008,51.87586733,49.286775
443.135498,51.76286167,49.29328433
443.493958,51.68860633,49.31533167
443.852448,51.62072867,49.34075533
444.210876,51.561713,49.36712133
444.569214,51.485372,49.44022867
444.927551,51.404747,49.45714533
445.285858,51.381967,49.47025067
445.644104,51.35089633,49.527663
446.002319,51.257818,49.58692033
446.360504,51.17487333,49.63012333
446.718719,51.175176,49.600114
447.076843,51.14747267,49.66586033
447.434906,51.162081,49.72314833
447.792938,51.143646,49.789922
448.15094,51.11912667,49.80992133
448.508911,51.093047,49.86990867
448.866852,51.08573667,49.92585767
449.224731,51.14918633,50.005751
449.582672,51.17151233,50.07780933
449.940491,51.120261,50.14732467
450.298279,51.15835833,50.22894
450.656067,51.24551767,50.31915933
451.013733,51.29696667,50.34554033
451.371429,51.27464533,50.43640367
451.729095,51.30953467,50.55095667
452.0867,51.31617733,50.63149767
452.444336,51.344991,50.77969367
452.80188,51.407,50.879664
453.159363,51.39010267,50.96698
453.516815,51.344224,51.05583067
453.874237,51.41085667,51.09332667
454.231628,51.44368767,51.169454
454.588989,51.47962833,51.171707
454.94632,51.50158933,51.19382833
455.30365,51.46550233,51.20315167
455.660919,51.48506533,51.11546567
456.018127,51.52522133,51.00217067
456.375305,51.623806,50.90047567
456.732422,51.60013333,50.77333433
457.089539,51.61917,50.69530967
457.446594,51.65051367,50.64299267
457.80365,51.619377,50.594592
458.160706,51.545826,50.53635267
458.517639,51.495771,50.58572267
458.874542,51.50722633,50.58436833
459.231445,51.436113,50.56458133
459.588287,51.457441,50.53384767
459.945099,51.44694533,50.51855333
460.30188,51.41824333,50.55948133
460.6586,51.422867,50.582474
461.015381,51.491343,50.52687067
461.37204,51.436245,50.62789033
461.728668,51.407074,50.630268
462.085266,51.378263,50.69665867
462.441803,51.35798867,50.739774
462.798309,51.51014067,50.81319533
463.154816,51.486163,50.90942767
463.511261,51.46033267,51.007319
463.867706,51.35142133,51.11702233
464.224091,51.35647333,51.31330633
464.580444,51.32737333,51.43554433
464.936737,51.25220633,51.615954
465.292999,51.21906533,51.76007967
465.6492,51.235677,51.86279167
466.005402,51.27663433,51.94756033
466.361542,51.23007733,52.011326
466.717712,51.327362,52.08124767
467.073792,51.21215067,52.14923867
467.42984,51.213727,52.25151167
467.785828,51.23626067,52.30866367
468.141815,51.20628867,52.39289333
468.497742,51.13682167,52.48827333
468.853638,51.09463733,52.53023933
469.209503,51.128142,52.65370067
469.565369,51.105578,52.752913
469.921143,51.06873833,52.81791167
470.276886,50.92917,52.83063633
470.632599,50.88083767,52.93616633
470.988281,50.817093,53.01016633
471.343933,50.77017967,53.053778
471.699493,50.63136033,53.106805
472.055054,50.63424567,53.16618633
472.410675,50.63748033,53.134393
472.766144,50.56898,53.119499
473.121582,50.493304,53.093179
473.47702,50.42851267,53.07707067
473.832397,50.36943567,53.14511733
474.187714,50.31709133,53.19383633
474.54303,50.328134,53.16903433
474.898315,50.29322533,53.082293
475.253571,50.16921867,53.04594567
475.608765,50.07547867,52.97159933
475.963928,50.08035767,52.91871867
476.319,50.01438667,52.87011233
476.674103,49.927119,52.84204867
477.029144,49.867615,52.736299
477.384125,49.842612,52.722832
477.739166,49.78729767,52.648701
478.094086,49.77239467,52.547816
478.448975,49.762894,52.436775
478.803833,49.78588367,52.28003167
479.158661,49.84485267,52.04732133
479.513458,49.85465867,51.754958
479.868164,49.91597333,51.40835433
480.22287,50.18885133,51.17109567
480.577606,50.625178,51.08741867
480.932251,50.93164833,50.988646
481.286835,51.04707733,50.748974
481.641388,50.97383733,50.50879267
481.995911,50.92133567,50.33789733
482.350403,50.841058,50.16785167
482.704834,50.79409167,50.03809333
483.059204,50.79176067,49.897157
483.413666,50.79540367,49.80179333
483.767975,50.80776333,49.66637033
484.122284,50.844401,49.54054267
484.476532,50.86306233,49.431829
484.83075,50.85326367,49.30257033
485.184937,50.85591767,49.18810667
485.539063,50.86133467,49.07955267
485.893158,50.875811,48.99637333
486.247284,50.84258267,48.93238167
486.601318,50.83610933,48.89058033
486.955322,50.82747533,48.87696867
487.309265,50.80639933,48.91976267
487.663177,50.72570267,48.86864733
488.017059,50.511424,48.75478367
488.370911,50.330167,48.61108667
488.724701,50.26952867,48.55878167
489.078522,50.281315,48.61728633
489.432251,50.32394033,48.61619733
489.785919,50.35775367,48.65862133
490.139587,50.386677,48.688375
490.493195,50.38890967,48.751048
490.846771,50.37199933,48.80571733
491.200287,50.37620533,48.90944533
491.553802,50.33282367,49.02195767
491.907318,50.300176,49.09793333
492.260742,50.303721,49.22406367
492.614105,50.327468,49.34853733
492.967468,50.35007467,49.46541233
493.32077,50.36879733,49.60117733
493.674042,50.43988667,49.72134433
494.027283,50.474747,49.82179533
494.380463,50.514805,49.90579367
494.733673,50.49926267,49.96670167
495.086792,50.46271167,50.124293
495.43988,50.416368,50.24979267
495.792938,50.380315,50.466251
496.145935,50.33026633,50.738636
496.498871,50.33249267,50.84560767
496.851837,50.321575,51.03327933
497.204681,50.359511,51.20428833
497.557587,50.374227,51.33739867
497.910431,50.41329433,51.37604267
498.263184,50.432205,51.42866867
498.615936,50.445244,51.417875
498.968628,50.403674,51.39367667
499.321289,50.40941867,51.41001633
499.67392,50.39821367,51.41682567
500.026489,50.37850333,51.43546267
500.379089,50.34097933,51.518288
500.731598,50.30255633,51.51433967
501.084076,50.261439,51.52042267
501.436493,50.19728767,51.523866
501.788879,50.15479167,51.56092433
502.141205,50.20533233,51.62693933
502.49353,50.180982,51.562686
502.845795,50.17742167,51.60676333
503.19812,50.15563967,51.56397633
503.550293,50.14265333,51.51227967
503.902466,50.13690967,51.48248567
504.254578,50.06657167,51.428538
504.606659,50.08342333,51.371864
504.95871,50.05532333,51.29247433
505.310699,50.04297133,51.21484533
505.66275,50.015611,51.14625067
506.014679,50.02409733,51.072975
506.366547,50.029672,50.98685067
506.718384,49.96664433,50.96557867
507.070221,49.91832333,50.85144533
507.421997,49.87109367,50.83263
507.773712,49.81649033,50.71281967
508.125397,49.793428,50.64778367
508.477112,49.771094,50.55425533
508.828735,49.78453833,50.53501267
509.180328,49.741305,50.471517
509.53186,49.68217333,50.28943
509.883362,49.63959867,50.210823
510.234833,49.615616,50.083715
510.586273,49.54447667,49.992289
510.937622,49.54787567,49.92363
511.289032,49.497345,49.84001167
511.64035,49.52347033,49.80167233
511.991608,49.492714,49.72054033
512.342834,49.46697733,49.621385
512.69397,49.44478467,49.65093
513.045166,49.40910967,49.56351733
513.396301,49.32282767,49.56483467
513.747314,49.27602667,49.487985
514.09845,49.29382567,49.35755033
514.449463,49.31581467,49.34762567
514.800415,49.268074,49.23342267
515.151367,49.277608,49.121071
515.502197,49.286527,49.00166833
515.853027,49.24190367,48.970693
516.203796,49.178164,48.85448833
516.554565,49.13986067,48.769076
516.905396,49.10606,48.721507
517.256042,49.09116867,48.64444867
517.606689,49.009674,48.60332833
517.957336,49.02375433,48.606392
518.307861,48.95960867,48.51929733
518.658386,48.95931,48.495337
519.00885,48.91417433,48.47600467
519.359314,48.854206,48.393796
519.709778,48.87040067,48.36160667
520.060181,48.836016,48.27433
520.410461,48.803312,48.221232
520.760803,48.78684867,48.18055367
521.111023,48.84457133,48.197632
521.461182,48.800541,48.20389067
521.81134,48.777789,48.09657667
522.161499,48.80653267,48.03597767
522.511658,48.822712,47.999256
522.861694,48.77582067,47.93337
523.211731,48.82790633,47.82265367
523.561707,48.89032,47.75189967
523.911621,48.90423967,47.67725667
524.261536,48.945713,47.592294
524.611389,49.03484067,47.529298
524.961182,49.21747733,47.39851233
525.311035,49.472327,47.37838367
525.660767,49.728564,47.429597
526.010437,49.82695767,47.32764967
526.360107,49.830335,47.20976133
526.709717,49.80778,47.14707433
527.059326,49.77495067,47.03927733
527.408875,49.76920967,46.94207233
527.758301,49.74421067,46.90407167
528.107849,49.72518433,46.84970733
528.457275,49.68930433,46.76747767
528.806641,49.705611,46.70625167
529.156006,49.717902,46.684864
529.505249,49.73943867,46.63325133
529.854553,49.73801667,46.618819
530.203735,49.79833633,46.61038467
530.552917,49.80656533,46.575358
530.902161,49.791489,46.56569267
531.251282,49.796678,46.56234333
531.600342,49.79219833,46.545859
531.94928,49.727224,46.52678067
532.29834,49.63946367,46.48894
532.647278,49.42697533,46.394637
532.996155,49.21906933,46.254447
533.345093,49.07375733,46.207704
533.693909,49.06447233,46.19720433
534.042664,49.09757367,46.22974667
534.391418,49.14329367,46.265789
534.740051,49.16027467,46.30297967
535.088806,49.19903167,46.28384667
535.437378,49.253947,46.24719733
535.786011,49.25934233,46.230025
536.134521,49.26872367,46.21807433
536.483093,49.25959,46.180326
536.831543,49.26463567,46.17908233
537.179932,49.276178,46.08761833
537.52832,49.27549367,46.01201533
537.876648,49.27703233,45.96659567
538.224976,49.314692,45.87475733
538.573242,49.361566,45.80411933
538.921448,49.35367433,45.730788
539.269714,49.41547667,45.71490633
539.617798,49.42438767,45.73000567
539.965881,49.45723233,45.64968233
540.313965,49.44472733,45.585229
540.661987,49.51359567,45.56377667
541.01001,49.50733333,45.484342
541.35791,49.521249,45.403844
541.705872,49.50033933,45.37645067
542.053711,49.45176967,45.33238367
542.401489,49.461287,45.308057
542.749268,49.43663167,45.239399
543.096985,49.45311267,45.23158267
543.444702,49.427774,45.23784633
543.792358,49.44209667,45.22566733
544.140015,49.40820433,45.20071433
544.48761,49.37693133,45.23161833
544.835144,49.30382533,45.255666
545.182617,49.26335867,45.27219533
545.53009,49.207485,45.324387
545.877502,49.14531333,45.32690467
546.224854,49.142779,45.369563
546.572205,49.12726733,45.37201033
546.919495,49.11975233,45.398097
547.266785,49.05524567,45.45542133
547.614014,49.02990867,45.51732367
547.961182,49.027172,45.54419333
548.30835,49.057382,45.64740133
548.655396,48.983813,45.70566967
549.002441,49.01081967,45.73639967
549.349426,49.112011,45.75263233
549.696411,49.09298833,45.723325
550.043396,49.10537867,45.813469
550.390259,49.10460767,45.774892
550.737122,49.148013,45.700148
551.083923,49.10144167,45.686582
551.430664,49.086263,45.67602167
551.777344,49.09728767,45.75069667
552.124084,49.06522367,45.742471
552.470703,49.007422,45.80777467
552.817322,49.02581667,45.80839033
553.16394,49.047146,45.836122
553.510437,49.01239133,45.85921467
553.856873,48.962921,45.87759167
554.203308,48.94154867,45.855105
554.549744,48.92588267,45.835026
554.896057,48.90295533,45.85589467
555.242371,48.81907133,45.87966933
555.588684,48.773407,45.899517
555.934875,48.790353,45.91663233
556.281067,48.70110833,45.92984733
556.627258,48.641731,45.938105
556.973328,48.627028,46.01629
557.319458,48.555364,46.023328
557.665405,48.53523733,46.08891567
558.011414,48.48724733,46.10714567
558.357361,48.433717,46.125234
558.703247,48.41073733,46.15720733
559.049133,48.35154333,46.09953433
559.39502,48.34611667,46.08745333
559.740784,48.319168,46.03951233
560.086487,48.27925767,46.02290467
560.432129,48.28236633,46.02984233
560.777832,48.312982,46.01019933
561.123474,48.27332667,45.93657433
561.468994,48.252497,45.93788533
561.814575,48.27256167,45.93517567
562.160034,48.27557133,45.853611
562.505493,48.28361233,45.81080367
562.850891,48.24149833,45.726655
563.196228,48.218225,45.621714
563.541626,48.21873733,45.554063
563.886902,48.18325967,45.57556133
564.232178,48.23024133,45.50374233
564.577332,48.247636,45.48431
564.922485,48.18013767,45.395088
565.267639,48.12200033,45.37973533
565.612671,48.097551,45.36951567
565.957703,48.07568467,45.324093
566.302795,48.077878,45.213286
566.647705,48.088633,45.22289133
566.992615,48.11404433,45.19066633
567.337463,48.09692,45.16178133
567.682251,48.10168333,45.09423467
568.0271,48.05860933,45.111945
568.371826,48.020569,45.10897333
568.716492,48.01889967,45.05127833
569.061218,48.051881,44.996118
569.405823,48.12225467,44.97776033
569.750366,48.12758667,44.98746233
570.09491,48.21655767,44.95906433
570.439392,48.25468467,44.97164267
570.783875,48.28924333,44.94249833
571.128235,48.326832,44.84143233
571.472595,48.31098067,44.82731767
571.817017,48.32845833,44.74617133
572.161255,48.372011,44.76614367
572.505554,48.39851367,44.80689633
572.84967,48.40554433,44.76683167
573.193848,48.40899267,44.80451067
573.537964,48.42637633,44.81714267
573.882019,48.45196033,44.78828667
574.226074,48.47930133,44.75969833
574.570129,48.52441033,44.71511967
574.914063,48.48577367,44.70730833
575.257996,48.519494,44.67915867
575.601807,48.60416933,44.64547733
575.945618,48.68160133,44.64434567
576.289429,48.63841467,44.69794567
576.633118,48.59524533,44.69126867
576.976807,48.56933867,44.670114
577.320496,48.488182,44.715837
577.664124,48.48353567,44.72339367
578.00769,48.493365,44.74114733
578.351196,48.48261133,44.82076267
578.694702,48.45655933,44.86911933
579.038147,48.48574067,44.85740933
579.381531,48.45517367,44.90575533
579.724854,48.50375,44.83266933
580.068237,48.63163633,44.824126
580.411499,48.63369867,44.78474433
580.754761,48.64730067,44.82073433
581.0979,48.67625667,44.785922
581.44104,48.67756533,44.788489
581.78418,48.60363133,44.78266267
582.127197,48.612488,44.79301833
582.470215,48.60779433,44.75657667
582.813232,48.59173333,44.75780133
583.156189,48.54126333,44.737213
583.499084,48.593959,44.65715433
583.841919,48.608472,44.696879
584.184753,48.64402867,44.64101567
584.527466,48.65937167,44.61731867
584.870178,48.70501067,44.65138867
585.212891,48.61418767,44.61012033
585.555542,48.59646367,44.56093733
585.898132,48.59804267,44.50874433
586.240662,48.54738367,44.617667
586.583252,48.61859133,44.63924533
586.925659,48.64182533,44.69649667
587.268066,48.58002433,44.726715
587.610474,48.65756233,44.70767733
587.95282,48.665517,44.676796
588.295166,48.64072933,44.71459467
588.63739,48.65984833,44.702174
588.979614,48.68763,44.78590233
589.321777,48.716665,44.77919633
589.663879,48.68703067,44.79726433
590.005981,48.617906,44.826636
590.348022,48.528052,44.86156833
590.690002,48.51888633,44.90828067
591.031982,48.56846233,44.881723
591.373962,48.592007,44.92117433
591.71582,48.57977,44.976022
592.057556,48.53037533,44.92435067
592.399414,48.61960733,44.96451533
592.74115,48.68248767,44.94503667
593.082825,48.722883,44.909711
593.4245,48.75820267,44.83431533
593.766113,48.76599767,44.71072633
594.107666,48.74543533,44.604172
594.449219,48.70447533,44.60262433
594.79071,48.65842433,44.58880133
595.132141,48.57440067,44.586281
595.473511,48.52666767,44.53575033
595.81488,48.53753033,44.486575
596.15625,48.57775233,44.41319033
596.497498,48.57084767,44.403193
596.838745,48.53006367,44.311891
597.179932,48.602028,44.30324933
597.521057,48.69856133,44.29269167
597.862122,48.66330333,44.234089
598.203125,48.59608467,44.259042
598.544189,48.610883,44.24403
598.885193,48.65414167,44.152485
599.226135,48.64346433,44.192969
599.567017,48.61554567,44.148664
599.907776,48.571518,44.149245
600.248657,48.480835,44.15381233
600.589355,48.47100967,44.18382667
600.930054,48.44511533,44.11733633
601.270752,48.44368133,44.19794233
601.611389,48.46517567,44.145733
601.951965,48.390152,44.13602933
602.29248,48.42309067,44.126952
602.632996,48.45764267,44.15217967
602.97345,48.43521633,44.10846967
603.313843,48.34078333,44.10727967
603.654175,48.26991167,44.08104067
603.994507,48.306418,44.134478
604.334778,48.29215767,44.11294933
604.675049,48.26359933,44.035318
605.015259,48.23637233,44.05076867
605.355347,48.246296,44.03896833
605.695435,48.12053167,44.028394
606.035461,48.02247633,44.03823067
606.375488,47.99589667,43.97263333
606.715454,47.966915,44.016345
607.05542,47.912266,44.02491767
607.395325,47.92796067,44.05801567
607.735168,47.839881,44.013991
608.074951,47.74418367,44.025383
608.414673,47.64795133,43.96839
608.754395,47.58380267,43.99131767
609.094055,47.62359733,44.028777
609.433655,47.57641333,44.03166967
609.773315,47.56335333,44.023024
610.112854,47.52587267,44.13057333
610.452332,47.526943,44.13689833
610.791748,47.518916,44.17344267
611.131165,47.537318,44.170167
611.47052,47.50071967,44.191612
611.809753,47.42540233,44.24466967
612.149109,47.41994967,44.24945833
612.488403,47.35266367,44.259697
612.827515,47.354842,44.28144067
613.166626,47.364016,44.24520733
613.505737,47.317781,44.24547933
613.844849,47.32056067,44.31144433
614.183838,47.31713233,44.36963767
614.522766,47.336642,44.346344
614.861694,47.40998733,44.32459767
615.200623,47.52800867,44.471096
615.539429,47.616815,44.524984
615.878174,47.63535067,44.57331467
616.21698,47.613224,44.56861867
616.555664,47.69677733,44.54267733
616.894287,47.63934067,44.549614
617.23291,47.64367567,44.56465533
617.571472,47.66404633,44.56692
617.910034,47.735812,44.583683
618.248535,47.704352,44.64609267
618.586975,47.6894,44.569233
618.925293,47.67615733,44.511687
619.263672,47.710036,44.521099
619.60199,47.70227467,44.50082667
619.940247,47.745116,44.498746
620.278442,47.799534,44.53608567
620.616638,47.84323767,44.577072
620.954773,47.83507167,44.508901
621.292847,47.744981,44.40804033
621.630859,47.6231,44.40446833
621.968872,47.58941933,44.48166667
622.306763,47.54647567,44.434687
622.644653,47.50847633,44.40545133
622.982605,47.51521167,44.34630333
623.320435,47.602581,44.347238
623.658203,47.57953267,44.365256
623.995911,47.62753933,44.37326333
624.333618,47.67410133,44.33978533
624.671204,47.70356233,44.33969133
625.00885,47.646403,44.29639533
625.346375,47.66161733,44.29661067
625.683899,47.65798233,44.303407
626.021362,47.64758433,44.36245333
626.358765,47.653694,44.374733
626.696167,47.72596633,44.31308767
627.033447,47.76792533,44.29849733
627.370728,47.775322,44.283105
627.708008,47.762109,44.24868667
628.045166,47.71554033,44.17912533
628.382385,47.781414,44.182958
628.719421,47.87318667,44.13511267
629.056519,47.87400667,44.04232667
629.393494,47.82553467,44.01649967
629.730469,47.870136,44.01020433
630.067383,47.90944267,44.035114
630.404297,47.88049167,44.00975667
630.74115,47.948045,44.03523
631.077942,47.90013467,43.968371
631.414673,47.864943,43.967963
631.751404,47.829946,44.01488733
632.088074,47.82522833,43.99461233
632.424622,47.849458,43.95626333
632.761169,47.834951,43.95389667
633.097717,47.90638333,43.91791767
633.434204,47.97823333,43.90300733
633.770691,47.92235833,43.97306533
634.107056,47.91550167,43.88393
634.443359,47.87944133,43.89430233
634.779663,47.93227767,43.92777133
635.115906,48.00141367,43.991623
635.452087,47.99011767,44.007244
635.788269,48.03818667,44.03556333
636.12439,48.09073,44.05211633
636.46051,48.182349,44.08947533
636.796509,48.201073,44.11238733
637.132507,48.165606,44.02089033
637.468445,48.17169433,43.986402
637.804321,48.113243,43.97659167
638.140198,48.13506933,44.03495167
638.475952,48.17934033,43.99709433
638.811707,48.149719,43.95748267
639.147461,48.27307633,43.99365267
639.483154,48.22059267,43.99678033
639.818726,48.26171233,44.11617133
640.154358,48.300691,44.06686267
640.489868,48.28862533,44.05851633
640.825317,48.274835,44.00320033
641.160767,48.285984,44.10656233
641.496155,48.365079,44.136631
641.831543,48.32962533,44.058736
642.16687,48.40564967,43.98479833
642.502136,48.46717067,43.975787
642.837341,48.321101,43.99758767
643.172485,48.30680433,44.11484533
643.507568,48.29860167,44.10262667
643.842651,48.269277,44.11659233
644.177673,48.29448167,44.19143567
644.512695,48.22419,44.23147433
644.847656,48.207063,44.240026
645.182556,48.196747,44.27222067
645.517395,48.132735,44.260254
645.852173,48.32257867,44.26434833
646.186951,48.29829167,44.23956033
646.521667,48.40205033,44.23650633
646.856323,48.40185767,44.10107433
647.190979,48.43683867,44.21590667
647.525574,48.369142,44.182841
647.860107,48.435768,44.17616
648.19458,48.43530133,44.19515733
648.529053,48.47421633,44.168121
648.863403,48.493638,44.29097
649.197754,48.34986,44.386583
649.532043,48.28562933,44.40216833
649.866333,48.32842633,44.39195367
650.2005,48.355394,44.30122233
650.534729,48.33821733,44.31051867
650.868774,48.20326333,44.22647733
651.202942,48.26836533,44.21763633
651.536926,48.33780133,44.21724167
651.87085,48.362353,44.15482967
652.204834,48.43735267,44.09329867
652.538757,48.53857033,44.18576033
652.87262,48.42993067,44.14637
653.20636,48.32012833,44.09839633
653.540161,48.32636633,44.033395
653.87384,48.42501567,44.136968
654.20752,48.37945167,44.04500833
654.541077,48.41019567,44.15537867
654.874695,48.451922,44.25496667
655.208252,48.55121367,44.20845167
655.541687,48.550135,44.183535
655.875122,48.465879,44.06456767
656.208496,48.509701,44.001952
656.541809,48.58254233,44.08949933
656.875122,48.634132,44.096302
657.208374,48.69406267,44.12928033
657.541626,48.71255633,44.13002267
657.874817,48.77959433,44.133654
658.207947,48.74279667,44.147406
658.540955,48.72317767,44.11513267
658.873962,48.71024433,44.18418767
659.206909,48.788554,44.27344267
659.539856,48.780605,44.19363267
659.872742,48.80860167,44.22405
660.205566,48.82482133,44.228091
660.538391,48.74939867,44.25781267
660.871155,48.700527,44.25146967
661.203796,48.62032067,44.29342533
661.536438,48.52838533,44.21173567
661.86908,48.502556,44.11585633
662.201599,48.37621167,44.11613967
662.534119,48.25556833,44.113496
662.866577,48.33571,44.15295167
663.199036,48.23176333,44.16291167
663.531372,48.27113967,44.11800733
663.863708,48.186385,44.14766667
664.195923,47.97266533,44.14004
664.528198,47.922966,44.17751467
664.860352,47.94888567,44.301825
665.192505,47.903459,44.30929333
665.524658,47.88291567,44.31270733
665.856689,47.85798167,44.26723367
666.188721,47.696678,44.19061533
666.52063,47.65448533,44.23330033
666.852478,47.69352867,44.17422633
667.184387,47.69323733,44.233227
667.516174,47.73703667,44.19764467
667.8479,47.664402,44.19304667
668.179688,47.690778,44.17088333
668.511353,47.86402,44.24716433
668.843018,47.90284233,44.321107
669.1745,47.97661333,44.35397367
669.506104,47.954988,44.43577967
669.837524,47.95355833,44.404901
670.169006,48.06125767,44.403179
670.500366,47.98621133,44.40418767
670.831787,48.109792,44.456444
671.163086,48.30297367,44.46528333
671.494324,48.36337667,44.45095567
671.8255,48.31871167,44.406653
672.156616,48.39263933,44.439761
672.487732,48.35581467,44.49892433
672.818848,48.37125,44.52184067
673.149841,48.38980867,44.52282333
673.480835,48.34839767,44.547681
673.811768,48.28538133,44.646243
674.142639,48.409626,44.621506
674.47345,48.31389467,44.71849733
674.80426,48.31841533,44.608958
675.134949,48.37644967,44.68615467
675.465698,48.29008867,44.68880067
675.796326,48.21425367,44.65176767
676.126953,48.151376,44.628034
676.457458,48.08969767,44.56002167
676.787964,48.06116467,44.61243567
677.118408,48.07467267,44.69229533
677.448853,47.98756033,44.59908533
677.779175,47.99181867,44.53560267
678.109558,47.90642933,44.50720867
678.439758,47.91311,44.471508
678.77002,47.96992767,44.41752367
679.100159,47.94129167,44.41880033
679.430298,48.018082,44.38197233
679.760376,48.06540667,44.39993667
680.090393,48.116772,44.40449267
680.42041,48.10157767,44.34752267
680.750305,48.11160267,44.36115867
681.0802,48.10065333,44.34244433
681.410034,48.11973033,44.290011
681.739807,48.12239067,44.23318967
682.06958,48.10940933,44.18985633
682.399292,48.08731867,44.19284167
682.728943,48.07960133,44.194617
683.058594,48.05307267,44.26476167
683.388123,48.300397,44.20292133
683.71759,48.18297433,44.14439133
684.047058,48.227333,44.08466333
684.376465,48.32583733,44.09294633
684.705811,48.27308,44.15644867
685.035095,48.22979967,44.178899
685.36438,48.20067467,44.19667667
685.693665,48.29338733,44.33621733
686.022888,48.259383,44.29187533
686.351929,48.227329,44.31673167
686.68103,48.18821433,44.29256333
687.010071,48.30399333,44.316681
687.33905,48.31326033,44.37327967
687.66803,48.31472667,44.25645933
687.996887,48.20525133,44.298036
688.325745,48.25634267,44.36183033
688.654602,48.39609033,44.523244
688.983276,48.374766,44.516641
689.312012,48.494381,44.50774767
689.640625,48.43157433,44.50088233
689.969238,48.39166267,44.319682
690.297791,48.147438,44.363725
690.626282,48.254828,44.45608
690.954834,48.09180167,44.45253767
691.283203,48.065261,44.56896967
691.611572,48.11692067,44.30434533
691.93988,48.239929,44.27858367
692.268127,48.18837467,44.342902
692.596375,47.97587333,44.37774
692.9245,48.06548067,44.361838
693.252625,48.037056,44.285033
693.58075,48.09717667,44.17188867
693.908813,47.992456,44.17213467
694.236755,47.98926167,44.129597
694.564697,48.043532,44.17654
694.892517,48.13185367,44.09317667
695.220398,48.17843667,44.13415267
695.548157,48.15807433,44.18874733
695.875916,48.23791633,44.197918
696.203613,48.14293667,44.12411867
696.531311,48.10568467,44.12107467
696.858887,48.22304033,44.21665833
697.186401,48.37710433,44.214109
697.513916,48.39862567,44.09960067
697.84137,48.45776467,44.12112033
698.168762,48.39201333,44.11798733
698.496155,48.43550733,44.20238
698.823486,48.43653633,44.18736133
699.150757,48.38910933,44.15762433
699.477905,48.435491,43.987011
699.805054,48.300322,44.022228
700.132202,48.31257533,44.125431
